oa_id,town,x,y,population,mosaic,mosaic_name,urbanity,panel_devices,panel_rate_observed
OA00001,Tarnbrook,90.75363246083107,138.63879732439838,2026,C,Country Living,0.215,33,0.016288252714708785
OA00002,Tarnbrook,93.68724972375783,124.56301163107426,2788,D,Rural Reality,0.243,45,0.016140602582496413
OA00003,Tarnbrook,86.98553547228488,127.2903568661996,3996,C,Country Living,0.157,68,0.01701701701701702
OA00004,Tarnbrook,96.43847317543914,129.89471212308598,3912,I,Family Basics,0.676,145,0.03706543967280164
OA00005,Tarnbrook,94.27649042122957,131.76603606600096,4004,N,Urban Cohesion,0.729,185,0.0462037962037962
OA00006,Tarnbrook,95.13861229644263,131.9783113853732,3526,E,Senior Security,0.855,58,0.016449234259784458
OA00007,Tarnbrook,91.5563113071665,131.5281711516968,3927,B,Prestige Positions,0.444,104,0.02648332060096766
OA00008,Tarnbrook,101.59169852527802,145.83521092294095,2340,A,City Prosperity,0.066,155,0.06623931623931624
OA00009,Tarnbrook,91.29916616908228,128.81507709434234,5360,L,Vintage Value,0.356,70,0.013059701492537313
OA00010,Tarnbrook,90.45103278147639,134.33391088046628,4452,E,Senior Security,0.335,66,0.014824797843665768
OA00011,Tarnbrook,97.64016315238615,134.13548084443383,3462,F,Suburban Stability,0.613,94,0.027151935297515885
OA00012,Tarnbrook,97.58367822850967,125.55108168621116,2871,G,Domestic Success,0.299,88,0.03065134099616858
OA00013,Tarnbrook,96.13522717325525,131.0052106653991,2567,J,Transient Renters,0.833,176,0.06856252434748734
OA00014,Tarnbrook,101.3947664712336,119.7449662633687,2609,F,Suburban Stability,0.088,63,0.02414718282866999
OA00015,Tarnbrook,103.00446230432202,134.22654683540367,4309,G,Domestic Success,0.263,131,0.03040148526340218
OA00016,Tarnbrook,94.76350555960349,132.2769138306668,3569,K,Municipal Challenge,0.794,140,0.039226674138414123
OA00017,Tarnbrook,96.2663040130327,136.71551053429494,2224,L,Vintage Value,0.424,18,0.008093525179856115
OA00018,Tarnbrook,84.62762758696344,129.77999811835573,1283,E,Senior Security,0.122,14,0.010911925175370226
OA00019,Tarnbrook,93.5604301395715,132.54200638164986,2753,A,City Prosperity,0.635,180,0.06538321830730112
OA00020,Tarnbrook,96.168582870543,138.0769184267837,3170,L,Vintage Value,0.331,40,0.012618296529968454
OA00021,Tarnbrook,96.77860586849168,134.06096800144834,2875,O,Rental Hubs,0.67,222,0.07721739130434782
OA00022,Tarnbrook,97.16309291278957,123.41084783102235,2458,H,Aspiring Homemakers,0.207,122,0.04963384865744508
OA00023,Tarnbrook,101.82132838842062,130.01103574433847,3925,D,Rural Reality,0.327,61,0.01554140127388535
OA00024,Tarnbrook,94.64568491407378,133.54222418448205,4141,N,Urban Cohesion,0.689,200,0.04829751267809708
OA00025,Tarnbrook,99.62101564732563,127.64286953300817,2955,B,Prestige Positions,0.357,80,0.02707275803722504
OA00026,Tarnbrook,95.67454206264294,130.684275237717,2105,J,Transient Renters,0.782,126,0.05985748218527316
OA00027,Tarnbrook,113.666116825258,126.58229122935519,4288,L,Vintage Value,0.035,51,0.01189365671641791
OA00028,Tarnbrook,94.35409926650605,126.74795051010493,1319,M,Modest Traditions,0.368,32,0.024260803639120546
OA00029,Tarnbrook,96.72292881400766,130.8857714530733,4437,H,Aspiring Homemakers,0.785,196,0.04417399143565472
OA00030,Tarnbrook,95.98593633673752,132.20710472688157,3672,J,Transient Renters,0.963,202,0.05501089324618736
OA00031,Tarnbrook,89.42277092813872,134.01352042098196,3520,B,Prestige Positions,0.286,106,0.030113636363636363
OA00032,Tarnbrook,90.29328394178802,129.3905839400329,3149,H,Aspiring Homemakers,0.32,146,0.0463639250555732
OA00033,Tarnbrook,84.56592626260495,133.18589719224937,2109,F,Suburban Stability,0.124,45,0.021337126600284494
OA00034,Tarnbrook,94.74114479417048,126.72391706471092,3177,G,Domestic Success,0.373,124,0.03903053194837897
OA00035,Tarnbrook,95.99229352930382,131.02259233926827,3056,A,City Prosperity,0.837,195,0.06380890052356021
OA00036,Tarnbrook,96.70496743459626,131.22353152052136,4301,B,Prestige Positions,0.826,118,0.027435480120902116
OA00037,Tarnbrook,106.70138341207758,126.78997688885205,4000,C,Country Living,0.115,77,0.01925
OA00038,Tarnbrook,90.89181108063995,142.41878983543504,1754,D,Rural Reality,0.121,38,0.021664766248574687
OA00039,Tarnbrook,98.18644266561544,133.69772796882808,4809,J,Transient Renters,0.605,256,0.05323352048242878
OA00040,Tarnbrook,96.59193448524957,129.81369820469337,3064,G,Domestic Success,0.662,102,0.03328981723237598
OA00041,Tarnbrook,94.76052095639889,128.86997235170463,4006,F,Suburban Stability,0.542,113,0.028207688467299052
OA00042,Tarnbrook,96.74144723303742,131.61985351182315,3786,I,Family Basics,0.859,131,0.034601162176439514
OA00043,Tarnbrook,88.1197992673672,136.58292835663954,1642,A,City Prosperity,0.191,125,0.07612667478684532
OA00044,Tarnbrook,98.42656248232738,129.57748064285929,2351,N,Urban Cohesion,0.536,98,0.04168438962143769
OA00045,Tarnbrook,96.1478335961127,132.86154649746328,3565,J,Transient Renters,0.853,201,0.05638148667601683
OA00046,Tarnbrook,95.3503928066787,137.0200111541338,3555,E,Senior Security,0.398,54,0.015189873417721518
OA00047,Tarnbrook,98.80892832798757,125.01662270594171,3701,M,Modest Traditions,0.254,84,0.022696568495001353
OA00048,Tarnbrook,96.99003119159153,123.45209351243301,3634,B,Prestige Positions,0.209,125,0.03439735828288387
OA00049,Tarnbrook,99.70787825536485,135.19192367920095,1106,F,Suburban Stability,0.411,19,0.017179023508137433
OA00050,Tarnbrook,98.16743781088611,136.58008431971948,1562,F,Suburban Stability,0.398,45,0.02880921895006402
OA00051,Tarnbrook,97.55119042102456,130.77675408088896,4667,B,Prestige Positions,0.698,135,0.028926505249625027
OA00052,Tarnbrook,98.38256269495096,127.24252737650714,3058,B,Prestige Positions,0.38,83,0.02714192282537606
OA00053,Tarnbrook,95.99718379002057,128.31939667795848,1804,L,Vintage Value,0.512,14,0.007760532150776054
OA00054,Tarnbrook,95.76912231204072,130.59353691598912,3745,G,Domestic Success,0.772,108,0.02883845126835781
OA00055,Tarnbrook,97.49311667163015,134.72494608103622,2748,I,Family Basics,0.568,105,0.03820960698689956
OA00056,Tarnbrook,94.5235950816418,125.14497729998459,3586,I,Family Basics,0.279,138,0.0384829894032348
OA00057,Tarnbrook,97.9199852254396,131.28375628874147,1753,B,Prestige Positions,0.689,52,0.02966343411294923
OA00058,Tarnbrook,96.19669915438364,129.38244994111088,2212,D,Rural Reality,0.62,32,0.014466546112115732
OA00059,Tarnbrook,97.56349004707027,129.346897044818,3215,L,Vintage Value,0.571,38,0.01181959564541213
OA00060,Tarnbrook,96.06440425002123,135.13644222746288,3536,G,Domestic Success,0.565,110,0.031108597285067874
OA00061,Tarnbrook,97.20592321485881,132.62900713366548,3115,A,City Prosperity,0.781,209,0.06709470304975923
OA00062,Tarnbrook,94.93785805984349,129.5278531820796,3910,F,Suburban Stability,0.613,102,0.02608695652173913
OA00063,Tarnbrook,96.53182964867013,131.51866191400063,5407,N,Urban Cohesion,0.878,284,0.05252450527094507
OA00064,Tarnbrook,95.0289667242281,138.2267092374482,4415,B,Prestige Positions,0.318,127,0.028765571913929786
OA00065,Tarnbrook,95.91428243206342,132.81349197392387,2946,H,Aspiring Homemakers,0.862,134,0.04548540393754243
OA00066,Tarnbrook,96.34778234412667,133.50103849154814,4890,A,City Prosperity,0.756,312,0.0638036809815951
OA00067,Tarnbrook,95.9737000710202,132.60792953732815,2846,H,Aspiring Homemakers,0.895,137,0.04813773717498243
OA00068,Tarnbrook,97.80841636171397,130.41782369957963,2364,H,Aspiring Homemakers,0.646,123,0.05203045685279188
OA00069,Tarnbrook,94.187521994903,132.36895986079344,3353,O,Rental Hubs,0.714,229,0.06829704742022069
OA00070,Tarnbrook,91.06126464768111,131.81141483531013,2653,E,Senior Security,0.407,33,0.012438748586505842
OA00071,Tarnbrook,101.54722897053942,130.7205922766804,3502,E,Senior Security,0.355,43,0.012278697886921758
OA00072,Tarnbrook,93.04953341075546,132.06412809192776,2230,F,Suburban Stability,0.585,59,0.026457399103139014
OA00073,Tarnbrook,96.23281732258543,132.6216077261782,3001,I,Family Basics,0.886,128,0.042652449183605466
OA00074,Tarnbrook,94.60086880840954,128.55937142745802,1922,H,Aspiring Homemakers,0.509,103,0.05359001040582726
OA00075,Tarnbrook,91.42959756134474,132.706908640987,3770,N,Urban Cohesion,0.431,165,0.04376657824933687
OA00076,Tarnbrook,90.66081299877135,134.3515638023989,3205,E,Senior Security,0.346,34,0.010608424336973479
OA00077,Tarnbrook,99.99407077715453,136.80802607576487,3289,B,Prestige Positions,0.321,97,0.029492246883551232
OA00078,Tarnbrook,95.24890745797398,133.13573391750379,2337,L,Vintage Value,0.781,38,0.016260162601626018
OA00079,Tarnbrook,99.09626055910147,131.61709884051876,1604,I,Family Basics,0.567,60,0.03740648379052369
OA00080,Tarnbrook,96.19490768346104,132.19521828286554,4297,O,Rental Hubs,0.951,309,0.07191063532697231
OA00081,Tarnbrook,93.58486870752293,136.31468633859726,4073,K,Municipal Challenge,0.407,160,0.03928308372207218
OA00082,Tarnbrook,95.12268431174556,133.35806525846846,4915,J,Transient Renters,0.745,279,0.05676500508646999
OA00083,Tarnbrook,90.97816118959159,133.00634888945538,2026,G,Domestic Success,0.394,68,0.03356367226061204
OA00084,Tarnbrook,96.71076477649697,129.5907283472673,3216,H,Aspiring Homemakers,0.633,136,0.04228855721393035
OA00085,Tarnbrook,102.57658189717701,130.82350367661178,3935,L,Vintage Value,0.297,52,0.013214739517153748
OA00086,Tarnbrook,92.3012354432288,131.25859680845699,2483,G,Domestic Success,0.504,80,0.03221908981071285
OA00087,Tarnbrook,96.68467439477209,133.53675027531014,4548,O,Rental Hubs,0.736,305,0.06706244503078276
OA00088,Tarnbrook,95.55941110029866,141.41625333143807,2970,I,Family Basics,0.18,116,0.039057239057239054
OA00089,Tarnbrook,93.89132406472892,132.85265730122484,2552,O,Rental Hubs,0.661,178,0.06974921630094044
OA00090,Tarnbrook,91.1059105232761,120.24940843976165,2844,C,Country Living,0.099,58,0.020393811533052038
OA00091,Tarnbrook,94.71272122808628,130.79670825848007,5216,B,Prestige Positions,0.726,146,0.02799079754601227
OA00092,Halewood,52.48655272445095,110.9001143595257,354,C,Country Living,0.196,4,0.011299435028248588
OA00093,Halewood,46.613949532762184,106.75507433397262,3885,G,Domestic Success,0.591,117,0.030115830115830116
OA00094,Halewood,39.11604014598835,101.21575401870909,4532,E,Senior Security,0.219,58,0.012797881729920565
OA00095,Halewood,53.89232648862111,105.85440051809236,2722,F,Suburban Stability,0.159,74,0.02718589272593681
OA00096,Halewood,42.13771299100789,108.35746590623972,3531,K,Municipal Challenge,0.708,137,0.03879920702350609
OA00097,Halewood,43.54169389154723,106.92878496019839,3462,F,Suburban Stability,0.809,79,0.022819179664933565
OA00098,Halewood,41.698237052839595,104.38169341343658,3564,M,Modest Traditions,0.459,74,0.020763187429854096
OA00099,Halewood,43.18204626167019,109.30811835515388,3038,K,Municipal Challenge,0.755,133,0.04377880184331797
OA00100,Halewood,44.65686799008177,108.1884836483252,1789,A,City Prosperity,0.883,103,0.05757406372275014
OA00101,Halewood,43.35119085330509,109.72142756883989,803,H,Aspiring Homemakers,0.716,41,0.05105853051058531
OA00102,Halewood,40.52107963416883,110.70806577815,2039,F,Suburban Stability,0.449,66,0.032368808239333004
OA00103,Halewood,44.29888981339731,108.77591039045866,3482,K,Municipal Challenge,0.86,154,0.04422745548535324
OA00104,Halewood,48.25038403509313,103.5750692128541,1932,O,Rental Hubs,0.328,154,0.07971014492753623
OA00105,Halewood,42.63450345697808,109.16254249876883,5543,L,Vintage Value,0.722,58,0.010463647844127729
OA00106,Halewood,43.0340193600132,109.71459050828226,5143,B,Prestige Positions,0.699,154,0.029943612677425627
OA00107,Halewood,47.41655991249948,109.8694083089748,4899,N,Urban Cohesion,0.493,236,0.04817309655031639
OA00108,Halewood,37.40863174540256,107.44544963399447,2292,I,Family Basics,0.3,94,0.04101221640488656
OA00109,Halewood,47.68105013229435,107.68305472083554,3698,F,Suburban Stability,0.511,99,0.026771227690643593
OA00110,Halewood,44.41883647020533,106.66931967552307,5131,J,Transient Renters,0.776,315,0.061391541609822645
OA00111,Halewood,45.11807637465607,102.42641861053562,2826,M,Modest Traditions,0.356,63,0.022292993630573247
OA00112,Halewood,44.38375827171812,108.17846720279921,4235,F,Suburban Stability,0.926,105,0.024793388429752067
OA00113,Halewood,44.42034685016539,102.06177022370203,4736,I,Family Basics,0.339,162,0.03420608108108108
OA00114,Halewood,44.461298685976885,113.86252400582524,2663,L,Vintage Value,0.343,40,0.015020653398422831
OA00115,Halewood,41.99750064973945,108.34953696199159,1521,O,Rental Hubs,0.691,89,0.05851413543721236
OA00116,Halewood,42.1339725425583,110.00600624859392,5035,E,Senior Security,0.608,70,0.013902681231380337
OA00117,Halewood,39.75959593555738,108.7071481402196,2004,B,Prestige Positions,0.458,46,0.022954091816367265
OA00118,Halewood,49.7983960082138,113.9594150088678,2542,G,Domestic Success,0.221,86,0.03383162863886703
OA00119,Halewood,35.452234726519045,115.26321254954944,4457,D,Rural Reality,0.13,66,0.014808166928427194
OA00120,Halewood,46.99247960612867,107.29283913411578,2055,L,Vintage Value,0.572,25,0.012165450121654502
OA00121,Halewood,47.08277787238195,114.32047170652726,3153,F,Suburban Stability,0.278,80,0.02537266095781795
OA00122,Halewood,43.251133240658746,109.35629674662837,1821,L,Vintage Value,0.755,13,0.007138934651290499
OA00123,Halewood,43.07236017571434,109.84228833660401,1899,F,Suburban Stability,0.687,60,0.0315955766192733
OA00124,Halewood,41.691002766878626,109.60992391377803,3754,B,Prestige Positions,0.599,116,0.03090037293553543
OA00125,Halewood,45.152967731257526,108.0970976290685,3685,O,Rental Hubs,0.81,266,0.07218453188602442
OA00126,Halewood,39.49648831308584,104.10916116329429,2898,M,Modest Traditions,0.339,62,0.02139406487232574
OA00127,Halewood,46.95060108105097,112.06265312469215,5340,M,Modest Traditions,0.401,109,0.02041198501872659
OA00128,Halewood,31.859602846638474,94.5898544267976,3978,D,Rural Reality,0.037,66,0.016591251885369532
OA00129,Halewood,43.62408336595608,109.3270705755943,2856,H,Aspiring Homemakers,0.778,129,0.045168067226890755
OA00130,Halewood,44.89427280821301,114.37575812632187,2362,I,Family Basics,0.31,68,0.028789161727349702
OA00131,Halewood,41.56080057024435,107.20351399532697,3848,M,Modest Traditions,0.627,79,0.02053014553014553
OA00132,Halewood,50.79083226626509,116.01902578557285,4012,L,Vintage Value,0.148,46,0.011465603190428714
OA00133,Halewood,43.71090003191851,104.57225849471384,2673,F,Suburban Stability,0.535,84,0.031425364758698095
OA00134,Halewood,34.88963107565779,105.91900667608677,3736,C,Country Living,0.183,73,0.019539614561027836
OA00135,Halewood,45.499601133203605,103.03067643385245,3456,M,Modest Traditions,0.389,89,0.025752314814814815
OA00136,Halewood,42.20401021542756,112.6607112498472,4258,H,Aspiring Homemakers,0.403,201,0.04720526068576797
OA00137,Halewood,44.697801047793,108.43514000382463,3294,O,Rental Hubs,0.861,206,0.06253794778384943
OA00138,Halewood,44.12073436785556,106.165006588135,3924,A,City Prosperity,0.716,295,0.07517838939857288
OA00139,Halewood,48.403704972316376,112.59091164378617,3235,M,Modest Traditions,0.315,65,0.02009273570324575
OA00140,Halewood,55.91816906956649,109.66874536180671,5212,B,Prestige Positions,0.112,165,0.03165771297006907
OA00141,Halewood,35.429623800450024,118.82424422691736,5035,B,Prestige Positions,0.081,163,0.0323733862959285
OA00142,Halewood,40.802165534072955,106.89232547584614,2113,I,Family Basics,0.54,83,0.03928064363464269
OA00143,Halewood,45.41509125177363,102.14098396727357,3400,N,Urban Cohesion,0.334,157,0.04617647058823529
OA00144,Halewood,42.166875578800294,107.24277416250085,3815,K,Municipal Challenge,0.697,169,0.044298820445609434
OA00145,Halewood,44.85264017483341,108.52003693564829,3703,J,Transient Renters,0.834,230,0.062111801242236024
OA00146,Halewood,47.76544573342161,109.68142855716965,3441,N,Urban Cohesion,0.472,164,0.047660563789596044
OA00147,Ashcombe,152.61261789954582,147.35779145341968,2735,J,Transient Renters,0.851,152,0.05557586837294333
OA00148,Ashcombe,152.63497548152125,150.600925627457,3907,J,Transient Renters,0.615,222,0.05682109035065267
OA00149,Ashcombe,150.8750974998786,148.1710607980323,3594,H,Aspiring Homemakers,0.813,176,0.04897050639955482
OA00150,Ashcombe,149.5362770852201,149.69295464159728,3265,C,Country Living,0.581,69,0.02113323124042879
OA00151,Ashcombe,146.1037066316161,151.94876018272305,2029,K,Municipal Challenge,0.275,82,0.040413997042878264
OA00152,Ashcombe,157.05098355459637,147.7095450306476,509,L,Vintage Value,0.399,5,0.009823182711198428
OA00153,Ashcombe,143.58487360378302,163.15097307997817,4034,H,Aspiring Homemakers,0.043,212,0.052553296975706494
OA00154,Ashcombe,151.1430223296051,146.97989834078524,3938,M,Modest Traditions,0.785,87,0.022092432706957845
OA00155,Ashcombe,157.2335853570743,143.83343634221328,3349,F,Suburban Stability,0.296,87,0.02597790385189609
OA00156,Ashcombe,147.29451915089874,150.17713654879216,4018,O,Rental Hubs,0.39,297,0.07391737182677949
OA00157,Ashcombe,148.047552315032,146.65638259036893,3802,F,Suburban Stability,0.468,101,0.026564965807469754
OA00158,Ashcombe,152.61118785437426,146.66105530708418,1644,M,Modest Traditions,0.765,39,0.023722627737226276
OA00159,Ashcombe,151.493261802508,148.1789942188788,4632,I,Family Basics,0.907,172,0.037132987910189985
OA00160,Ashcombe,151.67649550098045,141.9690574251631,4317,E,Senior Security,0.334,62,0.014361825341672458
OA00161,Ashcombe,153.65687374737445,154.35637870501682,2851,E,Senior Security,0.303,41,0.014380918975797966
OA00162,Ashcombe,151.814259077579,146.7262020757851,3706,O,Rental Hubs,0.791,270,0.07285483000539665
OA00163,Ashcombe,156.57552594476732,146.76642964005808,3512,G,Domestic Success,0.422,115,0.03274487471526196
OA00164,Ashcombe,153.37133224151634,148.5740004462133,3140,F,Suburban Stability,0.763,83,0.02643312101910828
OA00165,Ashcombe,152.0943510146148,145.94468364400115,2746,O,Rental Hubs,0.688,183,0.06664238892935179
OA00166,Ashcombe,152.89470743096518,151.72349286666005,2942,O,Rental Hubs,0.498,205,0.06968048946295037
OA00167,Ashcombe,156.7817693365987,147.96413282970744,4269,B,Prestige Positions,0.419,134,0.03138908409463575
OA00168,Ashcombe,149.5866786959231,148.90826690772468,3173,I,Family Basics,0.626,113,0.03561298455720139
OA00169,Ashcombe,150.74431292294676,146.7162328429407,3140,H,Aspiring Homemakers,0.721,130,0.041401273885350316
OA00170,Ashcombe,152.8890384225297,154.39721615193864,4583,L,Vintage Value,0.309,66,0.014401047348898102
OA00171,Ashcombe,148.1357755039928,153.8645908886343,4185,C,Country Living,0.279,85,0.02031063321385902
OA00172,Ashcombe,139.95372689656014,145.178402261206,2101,O,Rental Hubs,0.105,151,0.07187053783912423
OA00173,Ashcombe,154.16309163143342,147.47570833546808,3442,B,Prestige Positions,0.667,86,0.024985473561882625
OA00174,Ashcombe,147.703211640741,155.9638361863635,2448,G,Domestic Success,0.193,75,0.030637254901960783
OA00175,Ashcombe,149.71069138484384,147.86167372326688,4102,O,Rental Hubs,0.659,332,0.08093612871769869
OA00176,Ashcombe,147.38139464895553,150.26243739889009,4476,H,Aspiring Homemakers,0.393,203,0.045352993744414656
OA00177,Ashcombe,148.0728927563712,146.1878591078351,4770,B,Prestige Positions,0.455,117,0.024528301886792454
OA00178,Ashcombe,152.09447417533428,152.89761831651492,3117,I,Family Basics,0.41,106,0.03400705806865576
OA00179,Ashcombe,153.05538897052614,149.60410328347132,3980,O,Rental Hubs,0.705,275,0.06909547738693467
OA00180,Ashcombe,155.51298341351048,153.38777436022704,3252,F,Suburban Stability,0.311,87,0.026752767527675275
OA00181,Ashcombe,136.6569962790931,150.775602703887,3480,G,Domestic Success,0.059,100,0.028735632183908046
OA00182,Ashcombe,151.34946145704558,148.65232726233094,3106,J,Transient Renters,0.846,183,0.058918222794591114
OA00183,Ashcombe,156.27627456134073,147.03743273220542,4290,M,Modest Traditions,0.451,100,0.023310023310023312
OA00184,Ashcombe,153.59958972040076,145.2386429498802,3267,H,Aspiring Homemakers,0.56,158,0.04836241199877563
OA00185,Ashcombe,151.9527714421486,146.75362008736923,3752,I,Family Basics,0.797,135,0.035980810234541576
OA00186,Ashcombe,149.00910148975717,152.23983707768045,3262,G,Domestic Success,0.389,86,0.026364193746167996
OA00187,Ashcombe,152.03349528106835,145.8791618494098,4223,H,Aspiring Homemakers,0.68,202,0.04783329386691925
OA00188,Ashcombe,151.33163606580558,148.6989480125994,3764,H,Aspiring Homemakers,0.839,172,0.04569606801275239
OA00189,Ashcombe,153.36847841423017,148.9569839819753,2978,G,Domestic Success,0.738,81,0.02719946272666219
OA00190,Ashcombe,150.60664447797754,155.76223697436745,4800,D,Rural Reality,0.238,90,0.01875
OA00191,Ashcombe,154.3882285629301,147.7249831422466,2315,I,Family Basics,0.646,78,0.033693304535637146
OA00192,Ashcombe,146.48687218937891,142.1369845138818,2566,H,Aspiring Homemakers,0.231,114,0.044427123928293066
OA00193,Ashcombe,152.06883961869156,150.56252152775554,2777,H,Aspiring Homemakers,0.627,126,0.045372704357220024
OA00194,Ashcombe,152.7011807176962,150.13638780261275,3664,G,Domestic Success,0.664,116,0.03165938864628821
OA00195,Ashcombe,148.978626250794,150.83559091060283,3458,C,Country Living,0.471,70,0.020242914979757085
OA00196,Ashcombe,153.3876716002708,148.2965567591765,3981,J,Transient Renters,0.773,211,0.05300175835217282
OA00197,Ashcombe,154.95559922955619,141.51611859203112,1980,D,Rural Reality,0.274,33,0.016666666666666666
OA00198,Ashcombe,154.35131186969375,158.67191252642837,5636,L,Vintage Value,0.137,58,0.01029098651525905
OA00199,Ashcombe,153.23393121120574,151.99693160258155,3368,E,Senior Security,0.467,37,0.010985748218527316
OA00200,Ashcombe,150.06072714855998,147.3172391010139,5152,I,Family Basics,0.688,186,0.03610248447204969
OA00201,Ashcombe,145.73592801086878,168.65040321461646,3286,C,Country Living,0.02,77,0.023432744978697503
OA00202,Ashcombe,153.43666644435814,148.1210713715307,4759,F,Suburban Stability,0.769,133,0.02794704769909645
OA00203,Ashcombe,152.78279047727378,149.3152552203566,2119,N,Urban Cohesion,0.757,120,0.056630486078338836
OA00204,Ashcombe,152.27484217839825,153.55351125399403,3178,E,Senior Security,0.364,48,0.015103838892385148
OA00205,Ashcombe,151.90055591524555,146.9148489340653,2658,L,Vintage Value,0.82,31,0.011662904439428141
OA00206,Ashcombe,151.73401454274014,147.53249936840518,2756,N,Urban Cohesion,0.907,133,0.04825834542815675
OA00207,Ashcombe,149.95942081417132,151.1914536940985,4408,H,Aspiring Homemakers,0.502,196,0.04446460980036298
OA00208,Ashcombe,154.87158796875102,148.37120022912902,3642,I,Family Basics,0.591,134,0.036792970895112576
OA00209,Ashcombe,148.7367248347278,148.63962423898911,3023,L,Vintage Value,0.546,33,0.010916308303010255
OA00210,Ashcombe,154.1121289658596,147.86458469111238,5233,G,Domestic Success,0.681,175,0.033441620485381233
OA00211,Ashcombe,150.58057089048148,149.0352381952273,3236,H,Aspiring Homemakers,0.727,145,0.04480840543881335
OA00212,Ashcombe,152.61996417453284,145.1971336095859,2673,E,Senior Security,0.593,43,0.016086793864571642
OA00213,Wrenfield,114.96485297844839,70.42521351168942,4867,I,Family Basics,0.377,173,0.03554551058146702
OA00214,Wrenfield,115.41442257143088,63.75049336649636,5276,H,Aspiring Homemakers,0.536,268,0.05079605761940864
OA00215,Wrenfield,119.70635195156294,68.57305988774894,2938,I,Family Basics,0.57,103,0.03505786249149081
OA00216,Wrenfield,116.08237470994973,58.66167849819436,4519,B,Prestige Positions,0.252,127,0.02810356273511839
OA00217,Wrenfield,119.93485874475824,67.9923609310203,2753,F,Suburban Stability,0.604,65,0.02361060661096985
OA00218,Wrenfield,110.45882184716439,67.64710277637211,1641,F,Suburban Stability,0.246,42,0.025594149908592323
OA00219,Wrenfield,116.27240173218806,63.764437842780936,1647,F,Suburban Stability,0.598,39,0.023679417122040074
OA00220,Wrenfield,120.733817764321,63.35416887666501,3098,F,Suburban Stability,0.501,94,0.030342156229825695
OA00221,Wrenfield,119.980759187258,62.629150545189646,2513,N,Urban Cohesion,0.491,102,0.04058893752487067
OA00222,Wrenfield,119.09091573565918,68.75328556581556,3503,H,Aspiring Homemakers,0.584,167,0.04767342278047388
OA00223,Wrenfield,119.06696373104663,65.47686662202939,3859,K,Municipal Challenge,0.806,151,0.03912930811090956
OA00224,Wrenfield,116.32024516746839,66.07539281278426,1806,E,Senior Security,0.737,27,0.014950166112956811
OA00225,Wrenfield,118.22550308490912,64.01715677567572,1856,C,Country Living,0.696,31,0.01670258620689655
OA00226,Wrenfield,116.32394321626909,58.72423376660688,3346,F,Suburban Stability,0.257,96,0.02869097429766886
OA00227,Wrenfield,119.83235919004271,68.24074610787073,3104,I,Family Basics,0.591,116,0.037371134020618556
OA00228,Wrenfield,115.05844793701617,64.63660439701809,2701,J,Transient Renters,0.555,158,0.058496853017400964
OA00229,Wrenfield,121.00648344818534,63.85309242007102,4225,F,Suburban Stability,0.511,113,0.026745562130177515
OA00230,Wrenfield,123.00595490192535,67.8774299235501,2695,L,Vintage Value,0.378,34,0.01261595547309833
OA00231,Wrenfield,119.64872509644391,67.04661080377949,3105,M,Modest Traditions,0.701,64,0.020611916264090178
OA00232,Wrenfield,115.69095395242717,69.56332975522055,3645,D,Rural Reality,0.462,45,0.012345679012345678
OA00233,Wrenfield,119.87657093288381,70.02764890664331,2372,M,Modest Traditions,0.446,50,0.021079258010118045
OA00234,Wrenfield,118.09122647469346,66.57240674240234,4045,O,Rental Hubs,0.9,303,0.07490729295426453
OA00235,Wrenfield,120.04112287122311,64.64507911599523,3607,I,Family Basics,0.641,135,0.03742722484058775
OA00236,Wrenfield,122.05437646857581,71.06240156070709,2659,G,Domestic Success,0.308,92,0.034599473486273034
OA00237,Wrenfield,115.67830371368869,64.17462253328227,1885,I,Family Basics,0.585,72,0.03819628647214854
OA00238,Wrenfield,115.91060686025531,66.11324548724035,3744,F,Suburban Stability,0.684,122,0.03258547008547009
OA00239,Wrenfield,118.82332324514849,64.73491846635419,1906,O,Rental Hubs,0.76,135,0.0708289611752361
OA00240,Wrenfield,120.0861798980644,63.70996819639104,4850,G,Domestic Success,0.569,147,0.030309278350515462
OA00241,Wrenfield,117.44741703996945,56.67365911363074,3147,L,Vintage Value,0.183,36,0.011439466158245948
OA00242,Wrenfield,117.75478141937573,66.33200485596578,3593,J,Transient Renters,0.928,202,0.05622042861118842
OA00243,Wrenfield,118.50332298092319,64.26184516176245,4030,E,Senior Security,0.72,70,0.017369727047146403
OA00244,Wrenfield,125.17786216241056,66.54220503936848,3323,O,Rental Hubs,0.27,249,0.07493229009930785
OA00245,Wrenfield,118.07117999311096,73.88411410431486,2488,B,Prestige Positions,0.238,74,0.0297427652733119
OA00246,Wrenfield,116.90512301630372,66.16553552237463,1101,M,Modest Traditions,0.818,15,0.013623978201634877
OA00247,Wrenfield,117.93064986644421,57.097519861834996,3193,C,Country Living,0.198,65,0.020357031005324145
OA00248,Wrenfield,123.12688458131528,62.38877941269826,2946,I,Family Basics,0.32,108,0.03665987780040733
OA00249,Wrenfield,117.88413157865232,65.3391405555308,3311,O,Rental Hubs,0.885,231,0.06976744186046512
OA00250,Wrenfield,113.47285755181674,59.73632906287838,4521,I,Family Basics,0.245,163,0.03605397036053971
OA00251,Wrenfield,119.64268819061591,65.5887533536479,3458,J,Transient Renters,0.735,211,0.06101792943898207
OA00252,Wrenfield,106.16362229039987,61.33001355301313,3955,C,Country Living,0.099,72,0.01820480404551201
OA00253,Wrenfield,114.69214633864831,67.92051653709306,2531,B,Prestige Positions,0.499,71,0.02805215329909127
OA00254,Wrenfield,115.02717306867864,62.6653567917238,4782,B,Prestige Positions,0.444,131,0.0273943956503555
OA00255,Wrenfield,111.83986593980663,67.44671971730719,2451,B,Prestige Positions,0.316,51,0.0208078335373317
OA00256,Wrenfield,116.41267010680474,65.36065354338402,3496,F,Suburban Stability,0.733,71,0.02030892448512586
OA00257,Oakmere,30.70097115876368,58.88026411918181,1683,J,Transient Renters,0.363,105,0.062388591800356503
OA00258,Oakmere,27.73668917062948,54.421543517496715,2221,N,Urban Cohesion,0.914,98,0.04412426834759117
OA00259,Oakmere,27.261952698893275,56.92106243447074,2631,K,Municipal Challenge,0.578,110,0.04180919802356518
OA00260,Oakmere,27.1554768003316,52.08902248463835,3315,A,City Prosperity,0.684,235,0.07088989441930618
OA00261,Oakmere,36.78222147955174,52.72258393587631,2209,E,Senior Security,0.199,32,0.014486192847442281
OA00262,Oakmere,27.38143212518252,51.87931212296021,3260,I,Family Basics,0.669,111,0.034049079754601225
OA00263,Oakmere,19.58248589931777,56.25038786614735,4381,O,Rental Hubs,0.205,327,0.07464049303811915
OA00264,Oakmere,30.868080540725636,47.36645242763875,3459,B,Prestige Positions,0.269,89,0.025729979762937265
OA00265,Oakmere,32.23014458198,54.9416560961793,4152,H,Aspiring Homemakers,0.455,206,0.049614643545279384
OA00266,Oakmere,27.6235027903204,56.17110521482236,2813,H,Aspiring Homemakers,0.67,130,0.046214006398862424
OA00267,Oakmere,27.703207432601527,53.911870487193944,2591,O,Rental Hubs,0.945,145,0.05596294866846777
OA00268,Oakmere,29.358049622049275,47.088847766982155,2981,L,Vintage Value,0.278,32,0.010734652801073465
OA00269,Oakmere,29.318187262261624,55.86404584076496,2552,E,Senior Security,0.66,29,0.011363636363636364
OA00270,Oakmere,34.1046284090497,52.67326340355414,2089,I,Family Basics,0.321,80,0.03829583532790809
OA00271,Oakmere,31.448285306710762,69.39921225733886,3477,M,Modest Traditions,0.057,68,0.019557089444923785
OA00272,Oakmere,24.721618237049213,53.430162328043934,2951,K,Municipal Challenge,0.546,112,0.037953236191121655
OA00273,Oakmere,22.981994710630527,53.161485819814466,3409,H,Aspiring Homemakers,0.397,163,0.047814608389557055
OA00274,Oakmere,28.213537050715775,55.64028516449157,3075,H,Aspiring Homemakers,0.74,149,0.04845528455284553
OA00275,Oakmere,27.73265930636753,54.87646372116875,2998,N,Urban Cohesion,0.847,152,0.050700466977985324
OA00276,Oakmere,25.378168297352328,55.895442333245796,3223,J,Transient Renters,0.555,183,0.056779398076326405
OA00277,Oakmere,26.588680325781425,52.829211003398214,3442,L,Vintage Value,0.716,44,0.012783265543288786
OA00278,Oakmere,33.57085309441365,54.22711084095427,1865,B,Prestige Positions,0.363,49,0.026273458445040216
OA00279,Oakmere,27.123223235180042,53.51274771557842,4311,K,Municipal Challenge,0.833,164,0.0380422175829274
OA00280,Oakmere,31.57670880088685,61.2153643288688,4224,L,Vintage Value,0.231,56,0.013257575757575758
OA00281,Oakmere,35.648770992489645,53.850754543743555,2467,K,Municipal Challenge,0.249,103,0.04175111471422781
OA00282,Oakmere,23.08954255672257,56.77289489341133,1767,L,Vintage Value,0.359,24,0.013582342954159592
OA00283,Oakmere,29.429692640285772,55.75005477193917,3795,I,Family Basics,0.663,150,0.039525691699604744
OA00284,Oakmere,21.844650729686087,49.496270707883745,4202,J,Transient Renters,0.25,277,0.06592099000475964
OA00285,Oakmere,35.0770629289987,57.8954747972312,5230,I,Family Basics,0.23,188,0.03594646271510516
OA00286,Oakmere,30.00788718588901,54.11323638241157,2152,K,Municipal Challenge,0.694,78,0.0362453531598513
OA00287,Stanbury,182.36734168385348,94.62832685225494,4376,L,Vintage Value,0.494,45,0.010283363802559415
OA00288,Stanbury,186.81438463741574,94.09051902575098,2828,J,Transient Renters,0.686,164,0.05799151343705799
OA00289,Stanbury,184.0963389995062,93.49245316623691,2171,L,Vintage Value,0.564,35,0.016121602947950252
OA00290,Stanbury,186.65826669284522,96.49234593977778,3106,K,Municipal Challenge,0.861,129,0.041532517707662586
OA00291,Stanbury,184.91790295377413,96.46977300577892,4946,M,Modest Traditions,0.807,97,0.019611807521229277
OA00292,Stanbury,184.9019491850717,96.39869967362581,2733,K,Municipal Challenge,0.809,115,0.04207830223197951
OA00293,Stanbury,185.33311070725887,104.99469120684083,2181,I,Family Basics,0.194,71,0.03255387436955525
OA00294,Stanbury,188.88581832241874,94.27081942683095,5541,G,Domestic Success,0.542,194,0.03501173073452445
OA00295,Stanbury,183.59796270144992,90.63157123454411,3966,K,Municipal Challenge,0.343,159,0.040090771558245086
OA00296,Stanbury,187.51366222011634,97.81269657051271,4015,B,Prestige Positions,0.651,113,0.028144458281444584
OA00297,Stanbury,188.37749639857634,91.17046826735753,3135,L,Vintage Value,0.376,38,0.012121212121212121
OA00298,Stanbury,188.23279119743938,98.43938103009356,1834,D,Rural Reality,0.548,27,0.014721919302071973
OA00299,Stanbury,193.6900643365215,91.65444993798995,1887,H,Aspiring Homemakers,0.201,77,0.04080551139374669
OA00300,Stanbury,188.13060292870222,99.09203025382858,2609,I,Family Basics,0.505,90,0.03449597546952855
OA00301,Stanbury,180.83996305232805,101.93783380606956,5383,F,Suburban Stability,0.239,137,0.025450492290544306
OA00302,Stanbury,185.63470491312611,93.71669833830495,3148,N,Urban Cohesion,0.657,134,0.042566709021601014
OA00303,Stanbury,184.88727236700728,96.92396141238856,3244,B,Prestige Positions,0.769,89,0.027435265104808877
OA00304,Stanbury,183.94661745622523,96.56464162268436,3959,G,Domestic Success,0.679,134,0.033846931043192724
OA00305,Stanbury,185.95081566724593,95.05520049380792,5234,J,Transient Renters,0.842,315,0.06018341612533435
OA00306,Stanbury,186.5426600475525,94.49539132276423,4262,C,Country Living,0.748,89,0.020882214922571564
OA00307,Stanbury,188.68997517436247,91.43164759549484,2104,K,Municipal Challenge,0.381,91,0.04325095057034221
OA00308,Stanbury,183.56690817875315,91.95546183918214,2979,F,Suburban Stability,0.424,72,0.02416918429003021
OA00309,Stanbury,185.83537265524566,81.30757389460075,2566,C,Country Living,0.069,52,0.020265003897116135
OA00310,Stanbury,184.4993909252011,94.1161233510452,2685,B,Prestige Positions,0.645,70,0.0260707635009311
OA00311,Stanbury,186.72182367894067,99.21614009857386,3925,B,Prestige Positions,0.549,120,0.030573248407643312
OA00312,Stanbury,180.87395862690553,99.82420080550985,3775,L,Vintage Value,0.313,41,0.010860927152317882
OA00313,Stanbury,188.66236213092188,92.25533337476732,3152,F,Suburban Stability,0.434,85,0.026967005076142133
OA00314,Stanbury,185.78449854840153,91.85250431851101,3710,F,Suburban Stability,0.47,104,0.028032345013477088
OA00315,Stanbury,185.83106595737198,94.56493087557446,3225,J,Transient Renters,0.769,176,0.05457364341085271
OA00316,Stanbury,188.25214532367931,97.30180215381485,2706,H,Aspiring Homemakers,0.623,126,0.04656319290465632
OA00317,Stanbury,190.3875137890164,98.64127789436526,3628,M,Modest Traditions,0.394,80,0.022050716648291068
OA00318,Stanbury,187.31908214836847,94.20624901914304,2161,O,Rental Hubs,0.667,155,0.07172605275335493
OA00319,Stanbury,183.59201625399618,98.84683616290617,4137,L,Vintage Value,0.508,56,0.01353637901861252
OA00320,Stanbury,190.36448254525058,107.639128211,3200,D,Rural Reality,0.104,45,0.0140625
OA00321,Stanbury,182.03701140670262,87.85952024918437,4528,C,Country Living,0.193,93,0.02053886925795053
OA00322,Stanbury,185.4563401205079,98.95654426200436,3681,J,Transient Renters,0.579,211,0.05732138005976637
OA00323,Stanbury,189.4595430924763,94.13276465457692,2712,F,Suburban Stability,0.489,74,0.02728613569321534
OA00324,Stanbury,189.04607030541848,101.29379887350449,3262,M,Modest Traditions,0.329,62,0.01900674432863274
OA00325,Ledbury Cross,74.23907361885763,161.20978909705005,3169,M,Modest Traditions,0.291,54,0.01704007573366993
OA00326,Ledbury Cross,70.54959100587334,162.59430013669834,2093,L,Vintage Value,0.312,29,0.01385570950788342
OA00327,Ledbury Cross,74.82154433989821,158.39028731080347,3999,B,Prestige Positions,0.173,112,0.028007001750437608
OA00328,Ledbury Cross,73.89213522902031,166.73178705129965,2140,K,Municipal Challenge,0.793,83,0.03878504672897196
OA00329,Ledbury Cross,77.36916659369062,171.60711704882877,2235,F,Suburban Stability,0.408,59,0.026398210290827742
OA00330,Ledbury Cross,74.36541570278358,171.37268982780483,3266,L,Vintage Value,0.54,40,0.01224739742804654
OA00331,Ledbury Cross,70.52547506578168,166.47384213738871,2614,I,Family Basics,0.502,96,0.036725325172149964
OA00332,Ledbury Cross,74.97885580167969,169.26741504950633,3064,M,Modest Traditions,0.747,62,0.020234986945169713
OA00333,Ledbury Cross,70.33965636941933,165.10489611368942,3229,H,Aspiring Homemakers,0.428,149,0.04614431712604521
OA00334,Ledbury Cross,74.9703482171434,173.0370896097208,1562,E,Senior Security,0.394,19,0.012163892445582587
OA00335,Ledbury Cross,66.01418743426687,166.74944863326786,2878,G,Domestic Success,0.23,90,0.03127171646977067
OA00336,Ledbury Cross,69.62756789736704,164.043192473754,4545,E,Senior Security,0.342,67,0.014741474147414741
OA00337,Ledbury Cross,71.57944657261864,167.66120712843028,2547,G,Domestic Success,0.641,86,0.03376521397722811
OA00338,Ledbury Cross,73.9960287811961,167.7972559939519,1352,A,City Prosperity,0.964,97,0.07174556213017752
OA00339,Ledbury Cross,70.88106262342794,167.3566390560447,4276,H,Aspiring Homemakers,0.56,194,0.045369504209541625
OA00340,Ledbury Cross,69.36446866159474,169.1201569670729,2153,I,Family Basics,0.42,80,0.03715745471435207
OA00341,Ledbury Cross,76.37009319154451,166.82914709050414,2418,O,Rental Hubs,0.618,172,0.07113316790736146
OA00342,Ledbury Cross,74.27063623749964,167.21452374088963,2505,N,Urban Cohesion,0.86,124,0.04950099800399202
OA00343,Ledbury Cross,72.7509802200371,169.92839759618286,3405,E,Senior Security,0.659,48,0.014096916299559472
OA00344,Ledbury Cross,72.48990832103408,168.8996785630303,2827,I,Family Basics,0.726,100,0.035373187124159884
OA00345,Ledbury Cross,72.61874415831545,168.02161578768286,3346,K,Municipal Challenge,0.778,141,0.04213986849970114
OA00346,Pentworth,140.92558722179305,40.2243501999898,4247,C,Country Living,0.05,75,0.01765952437014363
OA00347,Pentworth,136.15462876916783,19.85350027747264,4199,E,Senior Security,0.438,67,0.01595618004286735
OA00348,Pentworth,146.59297583336152,23.769028699255525,5776,B,Prestige Positions,0.21,176,0.030470914127423823
OA00349,Pentworth,144.851628755274,21.37793113696481,3098,B,Prestige Positions,0.263,79,0.025500322788896062
OA00350,Pentworth,143.47059981865897,25.309904078345692,3265,M,Modest Traditions,0.36,74,0.022664624808575805
OA00351,Pentworth,139.1403472520545,25.940657804125394,3247,H,Aspiring Homemakers,0.664,133,0.04096088697259008
OA00352,Pentworth,137.55501461757984,22.4834955355776,2489,J,Transient Renters,0.75,156,0.06267577340297308
OA00353,Pentworth,140.44753353124273,29.49565252027737,4848,K,Municipal Challenge,0.335,196,0.040429042904290426
OA00354,Pentworth,139.61004288164884,25.005782319952452,2790,O,Rental Hubs,0.708,190,0.06810035842293907
OA00355,Pentworth,138.14258550360438,25.244595642233833,2397,F,Suburban Stability,0.796,50,0.020859407592824362
OA00356,Pentworth,140.69938922439437,23.50422031972238,2405,G,Domestic Success,0.607,83,0.03451143451143451
OA00357,Pentworth,135.2352803045152,25.79174577340612,3841,H,Aspiring Homemakers,0.549,184,0.04790419161676647
OA00358,Pentworth,138.8583662740218,18.537416480893192,2607,H,Aspiring Homemakers,0.366,107,0.04104334484081319
OA00359,Pentworth,139.37792845278076,22.31262166643318,3522,K,Municipal Challenge,0.673,139,0.03946621237932993
OA00360,Pentworth,140.01053621774747,25.908231037534854,2636,J,Transient Renters,0.604,137,0.05197268588770865
OA00361,Pentworth,137.49629216000517,23.58829754806592,3128,I,Family Basics,0.888,105,0.03356777493606138
OA00362,Marlcombe,198.4184691733219,151.703776096965,3629,C,Country Living,0.307,64,0.017635712317442823
OA00363,Marlcombe,198.32001270452815,157.75563482226264,3311,G,Domestic Success,0.734,102,0.030806402899426155
OA00364,Marlcombe,196.94404854353363,157.65037435238486,2614,H,Aspiring Homemakers,0.572,129,0.04934965570007651
OA00365,Marlcombe,202.28267101394755,156.4939255507115,4294,H,Aspiring Homemakers,0.608,175,0.0407545412203074
OA00366,Marlcombe,197.94709502486472,160.01755882848536,3798,N,Urban Cohesion,0.593,202,0.05318588730911006
OA00367,Marlcombe,200.14769767552576,159.73389597472078,4393,O,Rental Hubs,0.729,343,0.07807876166628727
OA00368,Marlcombe,198.1278304378732,162.49107474081623,3989,E,Senior Security,0.413,51,0.012785159187766357
OA00369,Marlcombe,202.63212942801215,160.3544550904094,3511,I,Family Basics,0.526,142,0.04044431785816007
OA00370,Marlcombe,201.3140597616676,154.54005260103742,759,G,Domestic Success,0.51,32,0.04216073781291173
OA00371,Marlcombe,201.25844193677798,155.61022222994137,3946,B,Prestige Positions,0.612,114,0.02889001520527116
OA00372,Marlcombe,199.4270473842638,164.01703393637948,2936,F,Suburban Stability,0.333,69,0.023501362397820164
OA00373,Marlcombe,201.4516469550142,159.2041618588226,3583,F,Suburban Stability,0.71,93,0.025955902874686018
OA00374,Marlcombe,199.69884299101903,160.69688086042112,1911,F,Suburban Stability,0.611,51,0.026687598116169546
OA00375,Marlcombe,207.58701532832183,162.56059191060044,3306,C,Country Living,0.2,46,0.013914095583787053
OA00376,Cotterill,12.193137889359786,150.3949661812584,3577,J,Transient Renters,0.923,207,0.05786972323175846
OA00377,Cotterill,7.870093029959381,151.4745754078355,4001,E,Senior Security,0.451,60,0.014996250937265684
OA00378,Cotterill,12.897181461921074,148.7902570053726,3030,J,Transient Renters,0.76,185,0.06105610561056106
OA00379,Cotterill,12.211185632664955,150.3833862357878,2727,N,Urban Cohesion,0.924,115,0.042170883755042174
OA00380,Cotterill,9.205874710359337,149.18000223342239,2930,I,Family Basics,0.589,112,0.03822525597269624
OA00381,Cotterill,10.890147511819004,148.4576543707389,3775,I,Family Basics,0.708,141,0.037350993377483446
OA00382,Cotterill,9.326098168143362,154.72788118779084,3437,I,Family Basics,0.372,145,0.04218795461157986
OA00383,Cotterill,11.839546907823838,147.30450815082332,2796,I,Family Basics,0.612,90,0.032188841201716736
OA00384,Cotterill,11.630123290927985,149.35463319828796,2456,N,Urban Cohesion,0.874,118,0.04804560260586319
OA00385,Cotterill,8.34785303788735,146.18482181638774,3600,G,Domestic Success,0.383,116,0.03222222222222222
OA00386,Cotterill,11.318198016794621,151.2579794411834,2920,J,Transient Renters,0.771,164,0.056164383561643834
OA00387,Cotterill,10.803617114396658,152.1156845593481,3157,E,Senior Security,0.643,56,0.017738359201773836
OA00388,Ravensmoor,172.95030138196375,51.02488595737058,3429,B,Prestige Positions,0.195,97,0.028288130650335374
OA00389,Ravensmoor,163.00069076629336,53.352222784309035,4290,H,Aspiring Homemakers,0.737,185,0.04312354312354312
OA00390,Ravensmoor,164.18139141895827,52.64572869993043,2684,J,Transient Renters,0.885,160,0.05961251862891207
OA00391,Ravensmoor,170.9137369626976,55.036724736449386,3754,B,Prestige Positions,0.253,102,0.02717101758124667
OA00392,Ravensmoor,156.66371076981676,53.19984576315468,1629,L,Vintage Value,0.259,27,0.016574585635359115
OA00393,Ravensmoor,166.94800822444932,50.24632677422615,5665,L,Vintage Value,0.536,70,0.01235657546337158
OA00394,Ravensmoor,167.56498239510535,48.827220330495244,3922,A,City Prosperity,0.42,248,0.06323304436511984
OA00395,Ravensmoor,159.32398386351437,51.125154721631894,2817,G,Domestic Success,0.421,86,0.03052893148739794
OA00396,Ravensmoor,173.58681512258423,49.306428611393486,4255,I,Family Basics,0.164,157,0.036897767332549944
OA00397,Ravensmoor,159.21420315397603,53.85474207269679,2848,B,Prestige Positions,0.393,76,0.026685393258426966
OA00398,Ravensmoor,167.7371113799823,45.564855270089225,2949,M,Modest Traditions,0.258,71,0.024075957951848085
OA00399,Ravensmoor,169.31639460018314,62.28173225168547,3988,G,Domestic Success,0.122,125,0.03134403209628887
OA00400,Ravensmoor,160.64093473416216,54.8515402562809,5708,M,Modest Traditions,0.449,119,0.020847932725998598
OA00401,Ravensmoor,159.18402335530445,58.08222829615196,3180,D,Rural Reality,0.244,53,0.016666666666666666
OA00402,Ravensmoor,160.04635778770148,67.04225806839673,2752,G,Domestic Success,0.059,93,0.03379360465116279
OA00403,Ravensmoor,169.6361248786475,52.54782278673548,3455,B,Prestige Positions,0.357,113,0.03270622286541244
OA00404,Ravensmoor,164.08881416339082,52.1071529349319,2794,I,Family Basics,0.975,90,0.03221188260558339
OA00405,Ravensmoor,166.93812389348562,56.86531162466244,3922,L,Vintage Value,0.356,53,0.013513513513513514
OA00406,Ravensmoor,164.52079249062328,47.2198980910432,2339,G,Domestic Success,0.417,81,0.03463018383924754
OA00407,Elmsford,89.2117701405409,92.66512125043633,1914,H,Aspiring Homemakers,0.721,92,0.04806687565308255
OA00408,Elmsford,87.20422179399769,93.44381213109553,3370,F,Suburban Stability,0.838,94,0.027893175074183978
OA00409,Elmsford,88.52575268917568,98.16188527083878,2461,I,Family Basics,0.466,85,0.034538805363673306
OA00410,Elmsford,89.09182022617105,84.75654715700097,4305,E,Senior Security,0.184,60,0.013937282229965157
OA00411,Elmsford,85.86971186212908,94.17922839585927,4339,G,Domestic Success,0.678,136,0.031343627563954826
OA00412,Elmsford,85.90595740492117,88.69082162153514,2227,M,Modest Traditions,0.354,44,0.019757521329142345
OA00413,Elmsford,83.86891624234782,104.31616116063648,2324,E,Senior Security,0.133,33,0.014199655765920827
OA00414,Elmsford,89.55892472509166,94.80408051709747,2668,A,City Prosperity,0.727,204,0.07646176911544228
OA00415,Elmsford,90.96793589558712,91.390719664618,3201,G,Domestic Success,0.487,107,0.03342705404561075
OA00416,Elmsford,87.27412555041346,95.81420309908917,3542,G,Domestic Success,0.701,126,0.03557312252964427
OA00417,Elmsford,88.06694222324376,93.3101735722182,3347,A,City Prosperity,0.882,216,0.06453540484015537
OA00418,Elmsford,98.66197459596825,98.40130484716708,4194,H,Aspiring Homemakers,0.123,196,0.04673342870767763
OA00419,Elmsford,82.68268238341074,95.49696486327908,3699,I,Family Basics,0.366,138,0.0373073803730738
OA00420,Elmsford,86.1058484570299,94.49504233862237,3579,I,Family Basics,0.701,115,0.03213188041352333
OA00421,Elmsford,88.2231413353796,92.36871511895612,4392,H,Aspiring Homemakers,0.741,235,0.053506375227686705
OA00422,Elmsford,79.28831523643537,94.62571729700676,4183,E,Senior Security,0.204,62,0.014821898159215873
OA00423,Elmsford,84.96248880805992,93.19284919795068,3819,E,Senior Security,0.565,60,0.015710919088766692
OA00424,Elmsford,87.40556377289334,94.287901773692,5106,O,Rental Hubs,0.887,365,0.07148452800626713
OA00425,Elmsford,88.58650567308511,93.5100856259127,3518,K,Municipal Challenge,0.87,149,0.04235361000568505
OA00426,Elmsford,88.87099934223549,99.02767158138745,2588,F,Suburban Stability,0.395,66,0.025502318392581144
OA00427,Elmsford,86.440092851444,97.56093094496707,2025,M,Modest Traditions,0.493,28,0.013827160493827161
OA00428,Elmsford,77.74204809932338,88.26981582122795,2479,E,Senior Security,0.118,40,0.016135538523598225
OA00429,Elmsford,88.67195345098324,89.88520881687941,2787,I,Family Basics,0.469,119,0.042698241837100824
OA00430,Elmsford,90.9142914993594,91.82630347009047,2372,E,Senior Security,0.516,33,0.01391231028667791
OA00431,Elmsford,88.30485825037682,95.86194097568182,3231,C,Country Living,0.71,61,0.01887960383782111
OA00432,Elmsford,98.35002906058243,100.27678311512797,4382,M,Modest Traditions,0.111,91,0.020766773162939296
OA00433,Elmsford,86.37338655610237,93.27485613647427,4235,G,Domestic Success,0.723,146,0.03447461629279811
OA00434,Elmsford,78.04875770395684,89.92865290185253,2580,C,Country Living,0.142,48,0.018604651162790697
OA00435,Elmsford,90.29552143983133,94.13562914602696,3930,H,Aspiring Homemakers,0.658,180,0.04580152671755725
OA00436,Elmsford,89.16005827468769,94.21788630488462,2723,J,Transient Renters,0.807,161,0.05912596401028278
OA00437,Elmsford,86.34449867328411,93.51368815210357,3571,G,Domestic Success,0.731,109,0.030523662839540746
OA00438,Elmsford,87.45295328457115,94.11050561627029,1851,F,Suburban Stability,0.904,40,0.021609940572663425
OA00439,Elmsford,86.5493461348216,88.9061460289963,3132,L,Vintage Value,0.382,41,0.013090676883780333
OA00440,Netherby,65.9527266922175,19.969458405337733,2225,C,Country Living,0.164,38,0.01707865168539326
OA00441,Netherby,55.38840250750121,17.20310839937336,2610,K,Municipal Challenge,0.594,104,0.03984674329501916
OA00442,Netherby,57.843016887106884,21.389156416539205,2834,J,Transient Renters,0.657,141,0.0497529992942837
OA00443,Netherby,54.774070857897705,25.2026780103261,3390,N,Urban Cohesion,0.378,187,0.055162241887905604
OA00444,Netherby,56.383196483157235,18.928711981476877,2438,J,Transient Renters,0.813,135,0.055373256767842494
OA00445,Netherby,57.301604091227425,21.24750446949383,2630,H,Aspiring Homemakers,0.721,128,0.048669201520912544
OA00446,Netherby,54.339062708449205,17.444879512052914,1687,I,Family Basics,0.575,64,0.03793716656787196
OA00447,Netherby,54.50363065269327,22.981792894991308,2708,B,Prestige Positions,0.545,83,0.030649926144756277
OA00448,Netherby,54.89647210235177,20.81125983946468,4035,J,Transient Renters,0.78,230,0.057001239157372985
OA00449,Netherby,59.14531435450432,24.59236900772478,2751,F,Suburban Stability,0.363,75,0.027262813522355506
OA00450,Netherby,69.2159092194037,27.942390197589525,2983,D,Rural Reality,0.061,48,0.01609118337244385
OA00451,Netherby,51.87351714835663,18.50884699453643,3053,H,Aspiring Homemakers,0.45,162,0.05306256141500164
OA00452,Quarrydale,109.8060161823031,110.9284128943919,2568,H,Aspiring Homemakers,0.108,109,0.04244548286604361
OA00453,Quarrydale,121.25016015699087,111.02137211908851,2405,O,Rental Hubs,0.799,158,0.0656964656964657
OA00454,Quarrydale,120.59415933963356,118.06059059094673,4118,G,Domestic Success,0.323,130,0.03156872268091306
OA00455,Quarrydale,119.26058290487936,113.14192344234313,1598,F,Suburban Stability,0.583,38,0.023779724655819776
OA00456,Quarrydale,121.69066890592785,113.03765842142091,5033,M,Modest Traditions,0.821,101,0.020067554142658456
OA00457,Quarrydale,126.07593949265456,112.08657350615113,1621,G,Domestic Success,0.477,39,0.024059222702035782
OA00458,Quarrydale,121.20091588519486,110.97240337787507,2413,N,Urban Cohesion,0.789,111,0.04600082884376295
OA00459,Quarrydale,125.99018135682991,112.15544433013409,1606,H,Aspiring Homemakers,0.484,79,0.04919053549190536
OA00460,Quarrydale,120.92923124483563,111.41118481353452,3853,K,Municipal Challenge,0.801,155,0.04022839345964184
OA00461,Quarrydale,117.28975710648992,117.17284853227825,3326,M,Modest Traditions,0.28,67,0.020144317498496694
OA00462,Quarrydale,126.2175600849678,108.17452172003931,3977,F,Suburban Stability,0.355,92,0.023133014835302994
OA00463,Quarrydale,127.02984725891525,108.39315405451418,2314,E,Senior Security,0.325,29,0.012532411408815903
OA00464,Quarrydale,122.77695698197766,110.18426433850762,3265,N,Urban Cohesion,0.698,166,0.050842266462480856
OA00465,Quarrydale,120.44145883947024,115.52259536265584,3877,F,Suburban Stability,0.496,92,0.0237296879030178
OA00466,Quarrydale,125.68480572581656,108.71398329226936,3107,F,Suburban Stability,0.408,82,0.026392018023817188
OA00467,Quarrydale,121.5855594270243,116.97828803017909,3650,M,Modest Traditions,0.403,76,0.020821917808219178
OA00468,Quarrydale,121.06340750762887,112.01943402924121,2866,N,Urban Cohesion,0.843,129,0.04501046755059316
OA00469,Quarrydale,120.23942984536598,113.0765324281463,3313,A,City Prosperity,0.687,235,0.07093268940537277
OA00470,Quarrydale,128.16082783197356,118.83517488266722,3675,E,Senior Security,0.188,49,0.013333333333333334
OA00471,Quarrydale,122.7714732362804,114.86535048610459,972,K,Municipal Challenge,0.583,27,0.027777777777777776
OA00472,Quarrydale,123.2799767330588,115.37406994606876,3345,L,Vintage Value,0.519,28,0.00837070254110613
OA00473,Quarrydale,125.23340400114219,110.3281886172989,4194,M,Modest Traditions,0.516,84,0.020028612303290415
OA00474,Quarrydale,121.71103004066755,108.81711539502963,2713,I,Family Basics,0.559,93,0.03427939550313306
OA00475,Quarrydale,121.89960166451128,112.61929750186479,3811,A,City Prosperity,0.892,269,0.07058514825505116
OA00476,Quarrydale,123.18434999087421,110.33985870511506,3421,N,Urban Cohesion,0.69,147,0.04296989184448992
OA00477,Quarrydale,119.55829618361778,108.02826380265472,3590,I,Family Basics,0.428,137,0.03816155988857939
OA00478,Quarrydale,115.39668874170042,112.47027392089407,5966,E,Senior Security,0.3,85,0.014247401944351324
OA00479,Wrenfield,124.57297910862397,71.4990239266038,1199,D,Rural Reality,0.02,20,0.016680567139282735
OA00480,Elmsford,99.02537124307747,88.36430875735346,828,D,Rural Reality,0.02,12,0.014492753623188406
OA00481,Oakmere,47.39174334409924,46.03702174562481,235,C,Country Living,0.02,7,0.029787234042553193
OA00482,Oakmere,60.068504772502926,63.543975619228085,970,D,Rural Reality,0.02,11,0.01134020618556701
OA00483,Tarnbrook,116.33269437619869,143.9649414820033,566,C,Country Living,0.02,13,0.022968197879858657
OA00484,Cotterill,27.178393288937496,143.37704342058146,501,C,Country Living,0.02,10,0.01996007984031936
OA00485,Marlcombe,195.62238334222891,169.17381644353247,899,L,Vintage Value,0.02,10,0.011123470522803115
OA00486,Quarrydale,123.23420827755982,120.57952181239828,922,D,Rural Reality,0.02,17,0.01843817787418655
OA00487,Ravensmoor,192.5521846075387,7.254513301025029,1238,C,Country Living,0.02,25,0.020193861066235864
OA00488,Elmsford,62.67635788908808,84.65096759540879,749,L,Vintage Value,0.02,9,0.012016021361815754
OA00489,Marlcombe,179.85947051876977,145.65849769519943,1055,L,Vintage Value,0.02,13,0.012322274881516588
OA00490,Netherby,33.90516689090295,5.912245061986221,277,M,Modest Traditions,0.02,9,0.032490974729241874
OA00491,Cotterill,31.992258452300444,160.55166870751356,813,L,Vintage Value,0.02,13,0.015990159901599015
OA00492,Marlcombe,206.96670047778952,165.11860268161024,780,L,Vintage Value,0.02,6,0.007692307692307693
OA00493,Ravensmoor,169.32462341332604,62.10322166740275,676,C,Country Living,0.02,10,0.014792899408284023
OA00494,Tarnbrook,76.38228529041193,141.25794712515372,790,L,Vintage Value,0.02,7,0.008860759493670886
OA00495,Cotterill,40.948814356100804,157.71465266092886,1343,M,Modest Traditions,0.02,32,0.023827252419955324
OA00496,Ravensmoor,193.06202195485574,52.117472297600365,1026,D,Rural Reality,0.02,10,0.009746588693957114
OA00497,Stanbury,188.41314470673774,67.57981943725142,481,L,Vintage Value,0.02,5,0.010395010395010396
OA00498,Halewood,4.89713794810804,90.87915611767387,1153,M,Modest Traditions,0.02,23,0.0199479618386817
OA00499,Wrenfield,83.45268064519627,55.680690082363476,1043,D,Rural Reality,0.02,16,0.015340364333652923
OA00500,Tarnbrook,96.56119240036047,152.00417306868462,437,L,Vintage Value,0.02,7,0.016018306636155607
OA00501,Halewood,46.52578606435046,120.08560583491668,715,M,Modest Traditions,0.02,12,0.016783216783216783
OA00502,Ledbury Cross,62.651702800938416,148.60698637688392,753,L,Vintage Value,0.02,13,0.017264276228419653
OA00503,Ravensmoor,201.26485896945795,22.018307936711626,705,C,Country Living,0.02,15,0.02127659574468085
OA00504,Halewood,44.08442328654742,92.64033482266981,949,L,Vintage Value,0.02,15,0.015806111696522657
OA00505,Ravensmoor,160.382760538964,32.304697313791834,428,L,Vintage Value,0.02,3,0.007009345794392523
OA00506,Netherby,86.92840442345955,28.494313908449254,1148,M,Modest Traditions,0.02,24,0.020905923344947737
OA00507,Netherby,94.81626668041679,24.666744599060472,802,L,Vintage Value,0.02,8,0.00997506234413965
OA00508,Marlcombe,193.36588761719898,155.42207548789827,1223,M,Modest Traditions,0.02,26,0.02125919869174162
OA00509,Ledbury Cross,51.020928134490866,167.98426939161982,484,M,Modest Traditions,0.02,8,0.01652892561983471
OA00510,Pentworth,147.54115971095206,12.099668880439003,892,C,Country Living,0.02,18,0.020179372197309416
OA00511,Elmsford,100.08613582513804,95.70994872755738,1277,M,Modest Traditions,0.02,26,0.020360219263899765
OA00512,Halewood,46.98592749215164,95.49026773066662,313,D,Rural Reality,0.02,5,0.01597444089456869
OA00513,Stanbury,213.99883193559774,103.45455879264216,380,M,Modest Traditions,0.02,8,0.021052631578947368
OA00514,Elmsford,66.50740592387749,96.39097415216249,544,M,Modest Traditions,0.02,11,0.02022058823529412
OA00515,Ledbury Cross,93.69587155298828,161.10680742791075,738,C,Country Living,0.02,9,0.012195121951219513
OA00516,Elmsford,83.912044926957,78.40066320824805,323,C,Country Living,0.02,14,0.043343653250773995
OA00517,Ashcombe,137.27649803268463,168.89603052351904,791,C,Country Living,0.02,16,0.020227560050568902
OA00518,Stanbury,163.8050263329707,110.47888113437251,1089,M,Modest Traditions,0.02,18,0.01652892561983471
OA00519,Stanbury,205.9175203087515,95.56727531140332,922,M,Modest Traditions,0.02,19,0.020607375271149676
OA00520,Netherby,45.181737578783476,11.119359563119058,443,C,Country Living,0.02,6,0.013544018058690745
OA00521,Cotterill,28.465382164103833,143.7656572817163,616,D,Rural Reality,0.02,12,0.01948051948051948
OA00522,Ashcombe,159.562199564172,150.52872498557554,502,D,Rural Reality,0.02,4,0.00796812749003984
OA00523,Oakmere,5.230757599901481,41.30159704484151,993,D,Rural Reality,0.02,19,0.019133937562940583
OA00524,Oakmere,42.38982901451676,74.92645190656512,520,D,Rural Reality,0.02,10,0.019230769230769232
OA00525,Marlcombe,176.3025151807626,168.17142880520808,266,C,Country Living,0.02,4,0.015037593984962405
OA00526,Quarrydale,138.19477562724137,114.02819284303916,1058,L,Vintage Value,0.02,11,0.010396975425330813
OA00527,Stanbury,207.22410712092235,61.38526565024693,934,C,Country Living,0.02,25,0.02676659528907923
OA00528,Cotterill,13.579177505383347,146.85241351241336,1061,D,Rural Reality,0.02,17,0.016022620169651274
OA00529,Halewood,49.644604557097225,123.61061261652529,1029,L,Vintage Value,0.02,8,0.007774538386783284
OA00530,Quarrydale,124.95093990961276,135.52040823053156,431,C,Country Living,0.02,4,0.009280742459396751
OA00531,Wrenfield,103.08729572153815,34.06077126640525,505,L,Vintage Value,0.02,5,0.009900990099009901
OA00532,Ledbury Cross,50.74417865995454,156.76875361627737,1154,M,Modest Traditions,0.02,27,0.02339688041594454
OA00533,Halewood,39.24336498392109,88.98003379064858,1333,L,Vintage Value,0.02,20,0.015003750937734433
OA00534,Ashcombe,152.67819950613287,146.66464337993852,392,M,Modest Traditions,0.02,7,0.017857142857142856
OA00535,Oakmere,44.31018960893389,49.48269158935351,820,C,Country Living,0.02,15,0.018292682926829267
OA00536,Pentworth,170.5360169623775,17.069585357463502,1089,M,Modest Traditions,0.02,22,0.020202020202020204
OA00537,Halewood,34.24138850333878,121.6589467889436,671,M,Modest Traditions,0.02,15,0.022354694485842028
OA00538,Oakmere,29.388262577543273,77.59968650156105,300,M,Modest Traditions,0.02,4,0.013333333333333334
OA00539,Cotterill,10.426151033469758,122.88684028370103,510,M,Modest Traditions,0.02,6,0.011764705882352941
OA00540,Oakmere,15.124052277755279,18.249405008608807,282,M,Modest Traditions,0.02,11,0.03900709219858156
OA00541,Ashcombe,138.77960038895867,148.29126921335708,1392,L,Vintage Value,0.02,23,0.016522988505747127
OA00542,Netherby,72.65939322084454,23.653978259647317,1367,L,Vintage Value,0.02,20,0.014630577907827359
OA00543,Netherby,78.97734355494909,48.72201191624705,1314,D,Rural Reality,0.02,19,0.01445966514459665
OA00544,Ravensmoor,157.41246806744772,44.252716690996174,260,D,Rural Reality,0.02,5,0.019230769230769232
OA00545,Wrenfield,141.25541810478745,63.949870969069806,572,C,Country Living,0.02,15,0.026223776223776224
OA00546,Oakmere,6.072135508598226,20.371025322933047,1145,D,Rural Reality,0.02,16,0.013973799126637555
OA00547,Oakmere,35.07875176994582,65.97381346478505,719,D,Rural Reality,0.02,19,0.02642559109874826
OA00548,Cotterill,22.979036274978256,143.05700449055846,570,D,Rural Reality,0.02,13,0.02280701754385965
OA00549,Ledbury Cross,100.3573854506625,169.93555453219767,1112,D,Rural Reality,0.02,14,0.012589928057553957
OA00550,Cotterill,39.04899613569087,148.18978054162295,397,D,Rural Reality,0.02,7,0.017632241813602016
OA00551,Stanbury,177.48975001430432,84.59435754907472,650,D,Rural Reality,0.02,6,0.009230769230769232
OA00552,Ledbury Cross,57.63177646608043,143.18884121543186,362,D,Rural Reality,0.02,2,0.0055248618784530384
OA00553,Netherby,62.53882510928406,27.13447515785235,654,D,Rural Reality,0.02,11,0.016819571865443424
OA00554,Cotterill,7.974016263627098,136.15181523801076,456,C,Country Living,0.02,6,0.013157894736842105
OA00555,Stanbury,174.82717306152867,104.28581145261624,777,C,Country Living,0.02,15,0.019305019305019305
OA00556,Marlcombe,194.50174038785747,171.4816889837748,1068,M,Modest Traditions,0.02,19,0.017790262172284643
OA00557,Oakmere,11.58341018460078,57.01023217908092,1243,D,Rural Reality,0.02,14,0.011263073209975865
OA00558,Quarrydale,115.53443921836215,120.59091025999528,1095,L,Vintage Value,0.02,11,0.01004566210045662
OA00559,Halewood,40.34242337500312,133.15130549030252,600,D,Rural Reality,0.02,8,0.013333333333333334
OA00560,Wrenfield,93.94067565573985,67.20919639520355,362,M,Modest Traditions,0.02,6,0.016574585635359115
OA00561,Marlcombe,184.26693842642814,166.25798172872783,318,M,Modest Traditions,0.02,7,0.0220125786163522
OA00562,Ledbury Cross,51.44865659723424,170.29771450060548,776,C,Country Living,0.02,10,0.01288659793814433
OA00563,Ravensmoor,194.96412758623165,62.50109151262705,502,D,Rural Reality,0.02,7,0.013944223107569721
OA00564,Halewood,45.139198664051925,124.17742947272018,622,M,Modest Traditions,0.02,16,0.02572347266881029
OA00565,Netherby,53.76313019270539,31.959602599787857,1359,D,Rural Reality,0.02,14,0.010301692420897719
OA00566,Ravensmoor,162.38631122756365,44.94498941081761,1298,C,Country Living,0.02,25,0.01926040061633282
OA00567,Ashcombe,117.27561886130873,165.27308913504586,479,C,Country Living,0.02,7,0.014613778705636743
OA00568,Oakmere,44.58175134300817,53.73111308356868,1011,C,Country Living,0.02,23,0.02274975272007913
OA00569,Stanbury,171.77225333300123,94.12907126110359,1234,C,Country Living,0.02,15,0.012155591572123177
OA00570,Ravensmoor,155.1876423112965,80.52350352274404,1008,L,Vintage Value,0.02,11,0.010912698412698412
OA00571,Elmsford,68.61360788611968,71.02917955895913,1073,L,Vintage Value,0.02,16,0.014911463187325256
OA00572,Cotterill,26.983038304698066,133.75763589531078,620,C,Country Living,0.02,9,0.014516129032258065
OA00573,Tarnbrook,95.23544572728026,129.8542826078754,307,L,Vintage Value,0.02,3,0.009771986970684038
OA00574,Halewood,34.141192389864344,113.55483503244483,329,D,Rural Reality,0.02,6,0.0182370820668693
OA00575,Netherby,72.66966199483643,5.675458848104622,808,M,Modest Traditions,0.02,17,0.02103960396039604
OA00576,Oakmere,36.739738185538705,33.83958000803054,1321,C,Country Living,0.02,19,0.014383043149129448
OA00577,Elmsford,96.40463247346322,92.10873729293542,244,M,Modest Traditions,0.02,5,0.020491803278688523
OA00578,Pentworth,112.70155181891062,32.11270324830981,840,D,Rural Reality,0.02,14,0.016666666666666666
OA00579,Ravensmoor,183.27248140723657,11.43683309125893,1279,M,Modest Traditions,0.02,33,0.02580140734949179
OA00580,Netherby,67.20295713730312,18.732346089586205,853,M,Modest Traditions,0.02,19,0.022274325908558032
OA00581,Oakmere,49.22310587955368,52.481582424272126,596,C,Country Living,0.02,9,0.015100671140939598
OA00582,Elmsford,95.8640565698886,95.18082301196623,549,C,Country Living,0.02,13,0.023679417122040074
OA00583,Oakmere,62.205689520119364,60.07348246093181,505,D,Rural Reality,0.02,6,0.011881188118811881
OA00584,Ledbury Cross,50.3842172391977,166.99625282765058,692,D,Rural Reality,0.02,9,0.01300578034682081
OA00585,Ashcombe,169.282599776272,170.25556891850513,1025,D,Rural Reality,0.02,19,0.018536585365853658
OA00586,Wrenfield,106.83486688570315,53.01116782541591,460,L,Vintage Value,0.02,7,0.015217391304347827
OA00587,Ledbury Cross,104.50526631813808,166.3256039006712,525,C,Country Living,0.02,12,0.022857142857142857
OA00588,Ledbury Cross,84.72007335406376,154.01555145664503,1128,C,Country Living,0.02,27,0.023936170212765957
OA00589,Ashcombe,165.2190076982952,123.54940848475447,859,D,Rural Reality,0.02,13,0.015133876600698487
OA00590,Ledbury Cross,69.74179270552574,164.75729212268482,1185,D,Rural Reality,0.02,27,0.02278481012658228
OA00591,Oakmere,32.07511308349015,79.07686862629559,348,L,Vintage Value,0.02,6,0.017241379310344827
OA00592,Oakmere,14.391141100245463,47.35132657644304,1165,M,Modest Traditions,0.02,28,0.0240343347639485
OA00593,Ashcombe,172.53103118307453,164.76432504242305,734,M,Modest Traditions,0.02,11,0.014986376021798364
OA00594,Wrenfield,134.16272593058105,58.819715557410625,263,M,Modest Traditions,0.02,4,0.015209125475285171
OA00595,Marlcombe,215.7972369596056,129.29195164986854,826,L,Vintage Value,0.02,5,0.006053268765133172
OA00596,Ledbury Cross,83.59087829611538,161.4071597274586,1093,D,Rural Reality,0.02,17,0.01555352241537054
OA00597,Ravensmoor,190.78221057091383,14.373359503255065,1378,L,Vintage Value,0.02,18,0.013062409288824383
OA00598,Oakmere,36.44991105537529,39.06295074324451,690,M,Modest Traditions,0.02,13,0.01884057971014493
