site_id,name,town,x,y,fmt,sqft,opened_month,attract,true_visits,revenue
S001,Halewood Westway,Halewood,44.515600601670975,106.47332791757087,High Street,1268,61,1.1395033058135633,249599.0,1270700.0
S002,Stanbury Retail Park,Stanbury,183.93319107453718,93.94885118421905,Transport Hub,2823,55,1.5219116244779816,264681.0,1191000.0
S003,Ashcombe Market Square,Ashcombe,156.11263547400767,147.22968625668997,Retail Park,1205,22,1.4182501737716968,204484.0,1607300.0
S004,Ledbury Cross The Parade,Ledbury Cross,74.98170313443097,172.24102356160037,High Street,1923,85,1.4328100079556687,86373.0,393200.0
S005,Halewood Northgate,Halewood,43.56678126324046,106.31017535615555,High Street,1655,61,1.3192858333645465,212258.0,868500.0
S006,Pentworth The Parade,Pentworth,134.534806272574,23.47815943741462,Transport Hub,700,30,0.706809492130257,34968.0,190900.0
S007,Quarrydale The Parade,Quarrydale,119.51048790465398,111.28727524512365,High Street,1482,61,1.2415565687645085,181048.0,1141900.0
S008,Marlcombe Riverside,Marlcombe,201.45924707146474,160.17791658705931,High Street,2274,21,1.5712118764511251,271737.0,1741900.0
S009,Oakmere Riverside,Oakmere,26.564782652039167,53.2948304881086,High Street,1022,76,1.0120407334296797,215340.0,1662600.0
S010,Wrenfield Northgate,Wrenfield,116.25704948928846,57.40669882270485,Retail Park,2185,60,1.967470649689932,193540.0,1110200.0
S011,Marlcombe The Parade,Marlcombe,203.29920780573323,156.55416838674537,Transport Hub,1230,51,0.9637097715355042,113010.0,410500.0
S012,Tarnbrook High Street,Tarnbrook,96.0249287586237,132.50049769044944,High Street,1229,31,1.1200915878404247,532766.0,3041500.0
S013,Tarnbrook High Street 2,Tarnbrook,98.58051231034469,126.2287728653282,Retail Park,1579,15,1.6455843224029054,193786.0,1778000.0
S014,Tarnbrook Retail Park,Tarnbrook,98.95950688895606,129.18224522146923,High Street,2148,53,1.522715793969553,188826.0,1266900.0
S015,Ashcombe Westway,Ashcombe,147.72315183114668,144.14353171969722,Transport Hub,1292,56,0.9901314005959614,57467.0,178700.0
S016,Halewood Riverside,Halewood,45.852579393174324,106.39873589033976,Retail Park,1707,64,1.7176647623771137,232420.0,1702400.0
S017,Halewood Station,Halewood,44.71828304151869,102.9727320287954,High Street,1311,11,1.1605970983359075,181163.0,581500.0
S018,Wrenfield Retail Park,Wrenfield,121.13972703889438,65.17051444895726,High Street,1888,16,1.4184077465701435,220565.0,1635700.0
S019,Quarrydale High Street,Quarrydale,124.46637449465621,114.68404248827198,High Street,1651,81,1.3175311451228358,95419.0,594300.0
S020,Stanbury High Street,Stanbury,180.36539314463144,100.06012756739109,High Street,1701,37,1.3393293081778535,112936.0,642800.0
S021,Stanbury Station,Stanbury,183.3176784438015,96.27852785142453,High Street,1378,76,1.1928533914679127,169049.0,866400.0
S022,Quarrydale High Street 2,Quarrydale,130.6367279365878,108.92500901139508,High Street,700,34,0.8218715024770431,29665.0,142500.0
S023,Oakmere Market Square,Oakmere,24.426436438305164,49.158789759451714,High Street,2707,62,1.7292928294688727,112897.0,774800.0
S024,Tarnbrook Retail Park 2,Tarnbrook,95.14533362684276,135.84307871406187,High Street,2673,95,1.717312880534255,170611.0,1133700.0
S025,Tarnbrook Northgate,Tarnbrook,94.49024579073887,125.47069712147872,Retail Park,2657,74,2.1909139699836437,273861.0,1640400.0
S026,Ashcombe High Street,Ashcombe,155.0210367601326,153.23178650588815,Transport Hub,2342,11,1.373318407229365,169455.0,809800.0
S027,Quarrydale The Parade 2,Quarrydale,121.19707297946277,119.50001379357649,High Street,927,79,0.9591661723844751,53200.0,223400.0
S028,Ashcombe Northgate,Ashcombe,154.32211848742904,145.81019956637363,High Street,1881,79,1.4155129194768987,179561.0,763300.0
S029,Marlcombe Station,Marlcombe,197.5438413844311,159.47226952225296,High Street,1423,56,1.214123024339631,166146.0,1149500.0
S030,Pentworth Northgate,Pentworth,142.2367091026409,25.374376102891375,High Street,2278,68,1.5727313571971229,141767.0,718400.0
S031,Ashcombe Station,Ashcombe,151.58105360067546,147.10214488348197,Retail Park,2065,66,1.9072867882901017,610948.0,3299000.0
S032,Wrenfield The Parade,Wrenfield,115.09628473210418,67.66657683173555,High Street,1926,38,1.4340389769068635,136468.0,664400.0
S033,Quarrydale Market Square,Quarrydale,122.31640799006136,118.98329918943679,High Street,1633,72,1.3096112634188066,69021.0,293200.0
S034,Wrenfield Westway,Wrenfield,119.00917508877652,62.406247384136556,High Street,940,93,0.9665410851343516,128883.0,689200.0
S035,Pentworth Station,Pentworth,137.46663118508468,24.9613646173546,Retail Park,1819,50,1.7787624553036085,184329.0,1168400.0
S036,Cotterill The Parade,Cotterill,14.518460927358218,148.11788151634659,High Street,1677,23,1.3289027019318806,99471.0,602300.0
S037,Quarrydale Westway,Quarrydale,125.15884256539243,112.97065131119524,Retail Park,2254,83,2.001403344035937,191505.0,1210000.0
S038,Stanbury Station 2,Stanbury,191.05553319657653,98.20208398237727,High Street,2015,81,1.4701148948073974,172838.0,1580300.0
S039,Wrenfield Northgate 2,Wrenfield,120.78951055407383,66.98502849232018,Transport Hub,1310,87,0.997694697034339,137793.0,814300.0
S040,Cotterill The Parade 2,Cotterill,9.136760422002787,152.39741111830602,High Street,1612,4,1.3003215814809406,177282.0,660900.0
S041,Halewood Northgate 2,Halewood,42.42665577310307,104.95399089021296,High Street,1766,46,1.3672404059791956,133271.0,677800.0
S042,Halewood Station 2,Halewood,44.36792948794402,107.42047485894513,High Street,2291,72,1.5776613967217394,408686.0,1767500.0
S043,Ashcombe Westway 2,Ashcombe,154.20473421271205,148.58144928381753,Transport Hub,2362,81,1.3797563216209714,366656.0,2410500.0
S044,Halewood Retail Park,Halewood,47.789747640364276,105.5284018177443,High Street,1603,10,1.2963236290048132,100666.0,730400.0
S045,Stanbury Market Square,Stanbury,184.42627605027428,97.11545165491466,Transport Hub,1012,76,0.8656607630382084,210761.0,1628600.0
S046,Tarnbrook Market Square,Tarnbrook,90.34119912494042,128.97525822594596,High Street,2896,77,1.7946890235313784,147113.0,963100.0
S047,Tarnbrook Westway,Tarnbrook,98.18533274386536,134.66750802627507,High Street,1925,29,1.4336294163664776,206707.0,935900.0
S048,Tarnbrook Station,Tarnbrook,92.21297437226782,131.9095585262841,Retail Park,1940,69,1.8428963976261705,240873.0,1446800.0
S049,Oakmere Northgate,Oakmere,30.60838385745564,56.1999737420635,High Street,1860,59,1.406799221520875,157058.0,891800.0
S050,Halewood Riverside 2,Halewood,39.55476487014515,109.00045479889573,Transport Hub,1680,7,1.1439803275861051,124537.0,1050700.0
S051,Quarrydale Market Square 2,Quarrydale,122.60553266397918,117.02671679968181,High Street,2769,2,1.7509656474682256,128791.0,437100.0
S052,Ashcombe High Street 2,Ashcombe,151.42074553170553,150.25449704504427,High Street,1026,6,1.0142173798177765,229119.0,843700.0
S053,Netherby Station,Netherby,54.382291478251545,22.69396329247834,High Street,1923,78,1.4328100079556687,327784.0,2011100.0
S054,Wrenfield Northgate 3,Wrenfield,116.37145794583483,67.0988308308161,High Street,1408,32,1.2070672313370265,144712.0,792800.0
S055,Elmsford The Parade,Elmsford,80.3320285415683,100.28173577349439,High Street,1283,68,1.146897645084214,40690.0,216600.0
S056,Halewood Riverside 3,Halewood,41.15587504575788,108.14279164268399,Retail Park,2058,4,1.9037281132466612,323171.0,1938600.0
S057,Ashcombe High Street 3,Ashcombe,155.8161391355178,147.0876324740138,High Street,2094,4,1.501540921545744,189981.0,1332400.0
S058,Elmsford High Street,Elmsford,82.50564023345888,88.672547726525,High Street,1389,58,1.1980811497353074,56792.0,348900.0
S059,Ashcombe Riverside,Ashcombe,155.54227541380274,148.1751383942724,High Street,1752,71,1.3612683778400043,180169.0,637500.0
S060,Elmsford High Street 2,Elmsford,91.88882683867791,93.03433228790496,High Street,700,64,0.8218715024770431,104934.0,527600.0
S061,Stanbury Station 3,Stanbury,184.0557166751166,95.31837289036945,High Street,1931,61,1.436085345839047,248526.0,1268900.0
S062,Ledbury Cross Westway,Ledbury Cross,72.80874309366533,166.57954650454687,High Street,1575,55,1.2838205022663016,140522.0,687300.0
S063,Marlcombe Riverside 2,Marlcombe,195.50344842704968,159.85807823147084,High Street,700,3,0.8218715024770431,39085.0,223700.0
S064,Tarnbrook Retail Park 3,Tarnbrook,93.67468999191757,133.65714249274419,Retail Park,1915,29,1.8297965217660612,276814.0,1392300.0
S065,Ashcombe The Parade,Ashcombe,147.14095297365176,149.1079547038282,High Street,1855,41,1.4047180167667563,247792.0,952000.0
S066,Tarnbrook High Street 3,Tarnbrook,93.397436633386,129.33189416312572,High Street,2453,76,1.638074506896166,186771.0,1125200.0
S067,Elmsford Station,Elmsford,87.19229540387376,95.87049706857913,Retail Park,2410,40,2.0764397926915388,458116.0,1646400.0
S068,Quarrydale Northgate,Quarrydale,120.8098473255503,114.26771962690754,Retail Park,1249,31,1.4465029069274584,212229.0,1207000.0
S069,Tarnbrook The Parade,Tarnbrook,91.72985847326444,132.57621509399848,High Street,2469,53,1.6439424101527054,233917.0,1328300.0
S070,Ravensmoor Station,Ravensmoor,162.8539391566033,47.913456117293194,High Street,1570,77,1.2815773073148993,57800.0,290500.0
S071,Halewood Westway 2,Halewood,47.69875771639725,108.532983638658,Retail Park,2615,73,2.1717978602680073,329742.0,2060700.0
S072,Tarnbrook High Street 4,Tarnbrook,93.04878207596013,133.94861793010213,High Street,2224,55,1.552115838234724,163918.0,1073300.0
S073,Elmsford Retail Park,Elmsford,84.45281543148117,92.28268639321784,Retail Park,1937,77,1.8413284399712064,237639.0,1365500.0
S074,Elmsford High Street 3,Elmsford,87.42014295772871,98.1491186654415,High Street,1287,77,1.1488628886713332,126929.0,739100.0
S075,Marlcombe Westway,Marlcombe,200.6954238530974,157.6327266616572,Retail Park,700,80,1.0519955231706153,113110.0,581500.0
S076,Tarnbrook High Street 5,Tarnbrook,92.93484908187024,130.83158378786098,High Street,1775,85,1.3710683214152504,170981.0,1312300.0
S077,Quarrydale Retail Park,Quarrydale,119.10786482374604,116.17336720465909,Retail Park,2062,35,1.90576230760651,147752.0,723900.0
S078,Wrenfield High Street,Wrenfield,116.23881093632582,65.71811371627729,Retail Park,2015,52,1.8817470653534687,364451.0,1906700.0
S079,Ashcombe High Street 4,Ashcombe,148.85458085829447,143.65886098935138,High Street,2595,29,1.6895675086454902,97708.0,469700.0
S080,Wrenfield High Street 2,Wrenfield,118.89621907491679,68.73576173200065,High Street,2169,79,1.5308856551648122,303492.0,964000.0
S081,Tarnbrook Westway 2,Tarnbrook,95.819622041087,132.57888246476122,High Street,829,19,0.901996789610696,366861.0,1870600.0
S082,Ashcombe High Street 5,Ashcombe,148.7231190722449,146.53676211617423,High Street,1656,28,1.319724207134724,220025.0,1319200.0
S083,Oakmere Market Square 2,Oakmere,25.07200581506832,50.53052582953559,Retail Park,1579,25,1.6455843224029054,118169.0,796300.0
S084,Stanbury Northgate,Stanbury,180.82995282502188,96.38307060940872,High Street,1556,2,1.2752791988982481,77208.0,453500.0
