doc_id,name,category,folder,pages,uploaded_day,relevance,heat
D0001,Net debt bridge 12,Financial,01 Financial,23,2,0.8605506399092525,1.0
D0002,Net debt bridge 26,Financial,01 Financial,29,4,0.9163261340948254,1.0
D0003,Capex schedule 19,Financial,01 Financial,30,16,0.8743880887784619,1.0
D0004,Budget and forecast model 17,Financial,01 Financial,35,14,0.7732707785525231,1.0
D0005,Capex schedule 20,Financial,01 Financial,15,10,0.0393424595419217,1.0
D0006,Budget and forecast model 6,Financial,01 Financial,22,10,0.7203219832423364,1.0
D0007,Net debt bridge 8,Financial,01 Financial,21,16,0.04385922346606849,1.0
D0008,Capex schedule 14,Financial,01 Financial,21,0,4.11073278777698,1.0
D0009,Budget and forecast model 38,Financial,01 Financial,25,17,0.006532295861013348,1.0
D0010,Audited statutory accounts 4,Financial,01 Financial,19,16,1.20300749755586,1.0
D0011,Debtor ageing 34,Financial,01 Financial,23,4,0.041107961574885526,1.0
D0012,Net debt bridge 12,Financial,01 Financial,34,17,1.6448684535644962,1.0
D0013,Net debt bridge 33,Financial,01 Financial,31,14,1.2656099634540305,1.0
D0014,Debtor ageing 18,Financial,01 Financial,19,7,0.6706616349764702,1.0
D0015,Budget and forecast model 23,Financial,01 Financial,27,2,2.6142673797942377,1.0
D0016,Audited statutory accounts 33,Financial,01 Financial,24,2,0.004904030904338967,1.0
D0017,Audited statutory accounts 12,Financial,01 Financial,33,6,0.4305663193580037,1.0
D0018,Net debt bridge 30,Financial,01 Financial,21,13,2.2808953373789422,1.0
D0019,Budget and forecast model 2,Financial,01 Financial,25,6,0.7457098783387605,1.0
D0020,Audited statutory accounts 11,Financial,01 Financial,24,11,1.0117269886530524,1.0
D0021,Net debt bridge 37,Financial,01 Financial,20,17,0.6330904428632846,1.0
D0022,Net debt bridge 9,Financial,01 Financial,27,4,1.1349208222961806,1.0
D0023,Audited statutory accounts 21,Financial,01 Financial,33,13,0.012203629371579407,1.0
D0024,Divisional trading pack 33,Financial,01 Financial,32,3,1.1677798177407188,1.0
D0025,Budget and forecast model 22,Financial,01 Financial,39,1,1.8721058560511286,1.0
D0026,Capex schedule 9,Financial,01 Financial,27,0,0.5796390151079539,1.0
D0027,Trading by product line 38,Financial,01 Financial,25,17,0.016604497201451955,1.0
D0028,Trading by product line 18,Financial,01 Financial,28,10,1.5148035779465354,1.0
D0029,Net debt bridge 8,Financial,01 Financial,27,9,1.2720509360901306,1.0
D0030,Audited statutory accounts 13,Financial,01 Financial,24,5,0.02781952819690025,1.0
D0031,Debtor ageing 39,Financial,01 Financial,25,4,0.7704187871686273,1.0
D0032,Debtor ageing 10,Financial,01 Financial,28,7,0.7606660865740972,1.0
D0033,Debtor ageing 32,Financial,01 Financial,25,6,0.04492530815169925,1.0
D0034,Budget and forecast model 33,Financial,01 Financial,34,5,1.157435481636472,1.0
D0035,Net debt bridge 12,Financial,01 Financial,25,16,0.02905143000983665,1.0
D0036,Debtor ageing 21,Financial,01 Financial,27,16,1.7180277320506099,1.0
D0037,Divisional trading pack 18,Financial,01 Financial,27,14,1.3060297916484327,1.0
D0038,Budget and forecast model 39,Financial,01 Financial,25,9,1.1138333040402224,1.0
D0039,Capex schedule 9,Financial,01 Financial,17,2,0.8642475418795794,1.0
D0040,Audited statutory accounts 18,Financial,01 Financial,18,9,0.5915193149702925,1.0
D0041,Budget and forecast model 39,Financial,01 Financial,23,3,0.01578016246222985,1.0
D0042,Net debt bridge 20,Financial,01 Financial,34,0,0.8228719776871948,1.0
D0043,Capex schedule 22,Financial,01 Financial,31,4,0.8853773057979423,1.0
D0044,Capex schedule 11,Financial,01 Financial,31,5,0.8461059041271753,1.0
D0045,Audited statutory accounts 12,Financial,01 Financial,27,8,0.013874684688977833,1.0
D0046,Capex schedule 10,Financial,01 Financial,21,4,0.7553027000854013,1.0
D0047,Capex schedule 34,Financial,01 Financial,23,3,0.4588936190388663,1.0
D0048,Net debt bridge 7,Financial,01 Financial,31,0,0.6690557471399253,1.0
D0049,Capex schedule 19,Financial,01 Financial,29,16,0.7669965885094849,1.0
D0050,Audited statutory accounts 24,Financial,01 Financial,25,2,0.5843045981959127,1.0
D0051,Net debt bridge 19,Financial,01 Financial,32,10,0.8833610795823071,1.0
D0052,Divisional trading pack 5,Financial,01 Financial,30,14,0.6595016740649852,1.0
D0053,Net debt bridge 33,Financial,01 Financial,31,3,2.8970290750220693,1.0
D0054,Audited statutory accounts 28,Financial,01 Financial,30,14,1.482050602875234,1.0
D0055,Audited statutory accounts 26,Financial,01 Financial,35,13,0.5259484952721555,1.0
D0056,Audited statutory accounts 35,Financial,01 Financial,25,7,1.235474228262929,1.0
D0057,Debtor ageing 33,Financial,01 Financial,25,1,1.3439588592655278,1.0
D0058,Debtor ageing 8,Financial,01 Financial,33,7,1.6974645036888716,1.0
D0059,Trading by product line 15,Financial,01 Financial,33,5,1.2236005152563598,1.0
D0060,Trading by product line 19,Financial,01 Financial,30,2,0.634791575510412,1.0
D0061,Budget and forecast model 21,Financial,01 Financial,23,5,0.004900183419498577,1.0
D0062,Divisional trading pack 34,Financial,01 Financial,28,10,0.7791605657479576,1.0
D0063,Capex schedule 24,Financial,01 Financial,24,17,1.353320704975037,1.0
D0064,Debtor ageing 37,Financial,01 Financial,25,4,0.7987321637297962,1.0
D0065,Net debt bridge 28,Financial,01 Financial,35,8,0.022178925684414947,1.0
D0066,Net debt bridge 11,Financial,01 Financial,21,11,1.233918138103342,1.0
D0067,Divisional trading pack 17,Financial,01 Financial,33,15,0.008948108913506076,1.0
D0068,Capex schedule 38,Financial,01 Financial,30,17,0.9264441734254683,1.0
D0069,Debtor ageing 4,Financial,01 Financial,27,10,0.030481164431176447,1.0
D0070,Debtor ageing 37,Financial,01 Financial,21,1,0.9628354135445312,1.0
D0071,Budget and forecast model 1,Financial,01 Financial,27,8,0.5499516061976136,1.0
D0072,Capex schedule 15,Financial,01 Financial,22,12,0.7720599372704299,1.0
D0073,Divisional trading pack 7,Financial,01 Financial,33,1,0.03925493850763212,1.0
D0074,Trading by product line 27,Financial,01 Financial,26,11,0.7914991599726239,1.0
D0075,Framework agreement 35,Commercial & Customers,02 Commercial & Customers,24,10,1.295294077099451,1.0
D0076,Order book analysis 36,Commercial & Customers,02 Commercial & Customers,14,7,0.03476693121714668,1.0
D0077,Distribution agreement 17,Commercial & Customers,02 Commercial & Customers,21,14,2.348429263820281,1.0
D0078,Pricing schedule 1,Commercial & Customers,02 Commercial & Customers,25,10,0.03227377979665686,1.0
D0079,Pricing schedule 20,Commercial & Customers,02 Commercial & Customers,23,4,1.4467508567077754,1.0
D0080,Customer contract 10,Commercial & Customers,02 Commercial & Customers,22,0,0.2875427031270567,1.0
D0081,Tender pipeline 24,Commercial & Customers,02 Commercial & Customers,14,7,1.3969434939629237,1.0
D0082,Pricing schedule 23,Commercial & Customers,02 Commercial & Customers,17,5,0.037315206013696214,1.0
D0083,Pricing schedule 5,Commercial & Customers,02 Commercial & Customers,25,14,0.01317178557713411,1.0
D0084,Distribution agreement 13,Commercial & Customers,02 Commercial & Customers,22,6,4.315352161067037,1.0
D0085,Revenue by customer 5,Commercial & Customers,02 Commercial & Customers,15,0,0.5523130212505194,1.0
D0086,Revenue by customer 5,Commercial & Customers,02 Commercial & Customers,19,6,1.1293824905892649,1.0
D0087,Tender pipeline 15,Commercial & Customers,02 Commercial & Customers,19,8,0.037637875760203346,1.0
D0088,Revenue by customer 11,Commercial & Customers,02 Commercial & Customers,22,16,0.7491468248197511,1.0
D0089,Framework agreement 5,Commercial & Customers,02 Commercial & Customers,20,11,0.0357629086038488,1.0
D0090,Framework agreement 3,Commercial & Customers,02 Commercial & Customers,28,0,0.7108312868858117,1.0
D0091,Revenue by customer 11,Commercial & Customers,02 Commercial & Customers,15,17,0.01941863560620029,1.0
D0092,Framework agreement 32,Commercial & Customers,02 Commercial & Customers,22,7,1.434681867046544,1.0
D0093,Tender pipeline 35,Commercial & Customers,02 Commercial & Customers,18,11,0.015296988578030787,1.0
D0094,Framework agreement 10,Commercial & Customers,02 Commercial & Customers,15,7,0.7780020646484224,1.0
D0095,Tender pipeline 21,Commercial & Customers,02 Commercial & Customers,20,17,2.187736329075711,1.0
D0096,Order book analysis 23,Commercial & Customers,02 Commercial & Customers,19,9,0.999131544189923,1.0
D0097,Framework agreement 20,Commercial & Customers,02 Commercial & Customers,20,0,0.8241815280477374,1.0
D0098,Tender pipeline 26,Commercial & Customers,02 Commercial & Customers,17,2,0.024186864877411916,1.0
D0099,Revenue by customer 29,Commercial & Customers,02 Commercial & Customers,19,4,0.623688031343562,1.0
D0100,Distribution agreement 33,Commercial & Customers,02 Commercial & Customers,19,15,0.04162259015706214,1.0
D0101,Distribution agreement 10,Commercial & Customers,02 Commercial & Customers,20,16,0.978102703044652,1.0
D0102,Order book analysis 30,Commercial & Customers,02 Commercial & Customers,14,12,1.3271970593444091,1.0
D0103,Revenue by customer 35,Commercial & Customers,02 Commercial & Customers,17,8,0.7390574444436624,1.0
D0104,Tender pipeline 33,Commercial & Customers,02 Commercial & Customers,15,13,1.2301582807288782,1.0
D0105,Revenue by customer 36,Commercial & Customers,02 Commercial & Customers,19,15,0.9166588034896163,1.0
D0106,Order book analysis 22,Commercial & Customers,02 Commercial & Customers,20,5,1.3685748657743944,1.0
D0107,Pricing schedule 27,Commercial & Customers,02 Commercial & Customers,15,12,0.6986565992045487,1.0
D0108,Tender pipeline 6,Commercial & Customers,02 Commercial & Customers,14,2,0.009165156583792307,1.0
D0109,Distribution agreement 1,Commercial & Customers,02 Commercial & Customers,20,1,0.03169107246923179,1.0
D0110,Distribution agreement 8,Commercial & Customers,02 Commercial & Customers,15,6,0.8516719961995768,1.0
D0111,Tender pipeline 3,Commercial & Customers,02 Commercial & Customers,17,4,0.028853180144277943,1.0
D0112,Customer contract 7,Commercial & Customers,02 Commercial & Customers,24,16,0.008492317404441048,1.0
D0113,Pricing schedule 21,Commercial & Customers,02 Commercial & Customers,25,11,0.01821595130937318,1.0
D0114,Order book analysis 23,Commercial & Customers,02 Commercial & Customers,16,12,0.021930753201214397,1.0
D0115,Pricing schedule 22,Commercial & Customers,02 Commercial & Customers,22,15,1.3721332984626216,1.0
D0116,Pricing schedule 1,Commercial & Customers,02 Commercial & Customers,16,10,0.02449222530464453,1.0
D0117,Distribution agreement 18,Commercial & Customers,02 Commercial & Customers,11,14,0.814366114308934,1.0
D0118,Framework agreement 23,Commercial & Customers,02 Commercial & Customers,22,0,0.7052364168006046,1.0
D0119,Customer contract 1,Commercial & Customers,02 Commercial & Customers,18,2,1.0407796564880776,1.0
D0120,Customer contract 15,Commercial & Customers,02 Commercial & Customers,15,3,2.0227615978791103,1.0
D0121,Order book analysis 24,Commercial & Customers,02 Commercial & Customers,14,11,0.032822439768480774,1.0
D0122,Revenue by customer 33,Commercial & Customers,02 Commercial & Customers,18,13,1.302090116594549,1.0
D0123,Tender pipeline 22,Commercial & Customers,02 Commercial & Customers,27,7,1.7396254877828783,1.0
D0124,Tender pipeline 25,Commercial & Customers,02 Commercial & Customers,5,10,1.154086752840808,1.0
D0125,Framework agreement 33,Commercial & Customers,02 Commercial & Customers,18,10,0.7126995118504281,1.0
D0126,Distribution agreement 4,Commercial & Customers,02 Commercial & Customers,21,14,0.013445503696447533,1.0
D0127,Pricing schedule 33,Commercial & Customers,02 Commercial & Customers,21,6,0.4971841290720421,1.0
D0128,Revenue by customer 8,Commercial & Customers,02 Commercial & Customers,20,14,0.9211329307343069,1.0
D0129,Tender pipeline 29,Commercial & Customers,02 Commercial & Customers,23,15,0.6972311983735184,1.0
D0130,Pricing schedule 5,Commercial & Customers,02 Commercial & Customers,18,14,0.5665265827999937,1.0
D0131,Framework agreement 28,Commercial & Customers,02 Commercial & Customers,17,15,0.030354047611315483,1.0
D0132,Tender pipeline 8,Commercial & Customers,02 Commercial & Customers,13,9,0.022707539767719713,1.0
D0133,Subsidiary accounts 27,Legal & Corporate,03 Legal & Corporate,24,3,1.4873079054212217,1.0
D0134,Share register 34,Legal & Corporate,03 Legal & Corporate,21,6,0.8527091938894875,1.0
D0135,Share register 24,Legal & Corporate,03 Legal & Corporate,19,6,0.04120309806327377,1.0
D0136,Dispute correspondence 25,Legal & Corporate,03 Legal & Corporate,24,4,0.0099314659448381,1.0
D0137,Dispute correspondence 35,Legal & Corporate,03 Legal & Corporate,18,17,1.9271765275097854,1.0
D0138,Shareholder agreement 5,Legal & Corporate,03 Legal & Corporate,26,2,1.0430167194161928,1.0
D0139,Subsidiary accounts 36,Legal & Corporate,03 Legal & Corporate,22,15,0.8000132930304916,1.0
D0140,Property lease 28,Legal & Corporate,03 Legal & Corporate,24,15,1.8873197215861517,1.0
D0141,Subsidiary accounts 31,Legal & Corporate,03 Legal & Corporate,20,9,0.007924905138574937,1.0
D0142,Shareholder agreement 17,Legal & Corporate,03 Legal & Corporate,19,10,0.021213441180330975,1.0
D0143,IP register 15,Legal & Corporate,03 Legal & Corporate,19,11,0.5778997095326295,1.0
D0144,IP register 5,Legal & Corporate,03 Legal & Corporate,25,4,0.8934970962772321,1.0
D0145,Property lease 10,Legal & Corporate,03 Legal & Corporate,31,4,0.6320938531165976,1.0
D0146,Share register 14,Legal & Corporate,03 Legal & Corporate,15,11,0.5005781560036793,1.0
D0147,Dispute correspondence 27,Legal & Corporate,03 Legal & Corporate,26,6,0.024416164785368163,1.0
D0148,Shareholder agreement 13,Legal & Corporate,03 Legal & Corporate,20,14,0.016519100153724424,1.0
D0149,Board minutes 23,Legal & Corporate,03 Legal & Corporate,16,3,1.4643788264349884,1.0
D0150,Subsidiary accounts 20,Legal & Corporate,03 Legal & Corporate,19,10,1.056128707214336,1.0
D0151,Shareholder agreement 20,Legal & Corporate,03 Legal & Corporate,22,13,1.818415174328432,1.0
D0152,Board minutes 39,Legal & Corporate,03 Legal & Corporate,21,11,0.6113251496219535,1.0
D0153,Subsidiary accounts 9,Legal & Corporate,03 Legal & Corporate,19,15,2.8566629674369373,1.0
D0154,Shareholder agreement 5,Legal & Corporate,03 Legal & Corporate,16,0,0.037603393521677006,1.0
D0155,Board minutes 32,Legal & Corporate,03 Legal & Corporate,16,7,0.6060192779529923,1.0
D0156,Subsidiary accounts 8,Legal & Corporate,03 Legal & Corporate,23,2,1.3603636929354939,1.0
D0157,Share register 28,Legal & Corporate,03 Legal & Corporate,20,9,0.03279506754835678,1.0
D0158,Board minutes 29,Legal & Corporate,03 Legal & Corporate,21,10,0.9023041483634975,1.0
D0159,IP register 9,Legal & Corporate,03 Legal & Corporate,19,8,0.04194060434102313,1.0
D0160,IP register 2,Legal & Corporate,03 Legal & Corporate,27,11,0.37765774254612133,1.0
D0161,Share register 24,Legal & Corporate,03 Legal & Corporate,30,17,0.4607452478737513,1.0
D0162,Board minutes 4,Legal & Corporate,03 Legal & Corporate,26,16,1.427061610249636,1.0
D0163,Share register 26,Legal & Corporate,03 Legal & Corporate,26,9,0.04121250846894223,1.0
D0164,Dispute correspondence 25,Legal & Corporate,03 Legal & Corporate,17,4,0.7522590236546147,1.0
D0165,Subsidiary accounts 21,Legal & Corporate,03 Legal & Corporate,25,9,0.8276884298867104,1.0
D0166,Share register 3,Legal & Corporate,03 Legal & Corporate,27,13,0.029870163858398812,1.0
D0167,Property lease 33,Legal & Corporate,03 Legal & Corporate,26,16,0.7925691209391492,1.0
D0168,Property lease 6,Legal & Corporate,03 Legal & Corporate,24,6,0.7255139780522444,1.0
D0169,IP register 2,Legal & Corporate,03 Legal & Corporate,17,4,0.03832514915312908,1.0
D0170,Board minutes 19,Legal & Corporate,03 Legal & Corporate,26,1,1.259525980938547,1.0
D0171,Dispute correspondence 34,Legal & Corporate,03 Legal & Corporate,21,0,0.03392697717305805,1.0
D0172,Share register 22,Legal & Corporate,03 Legal & Corporate,10,12,1.4848079447386662,1.0
D0173,Share register 34,Legal & Corporate,03 Legal & Corporate,20,14,0.8193752788361531,1.0
D0174,IP register 21,Legal & Corporate,03 Legal & Corporate,22,16,0.02735890501053027,1.0
D0175,Shareholder agreement 14,Legal & Corporate,03 Legal & Corporate,9,11,0.5210504074808473,1.0
D0176,Shareholder agreement 18,Legal & Corporate,03 Legal & Corporate,27,8,0.5651789192821629,1.0
D0177,Share register 23,Legal & Corporate,03 Legal & Corporate,20,8,0.41910346072182175,1.0
D0178,Subsidiary accounts 24,Legal & Corporate,03 Legal & Corporate,17,16,0.5106368649435353,1.0
D0179,Subsidiary accounts 20,Legal & Corporate,03 Legal & Corporate,27,8,0.6963806369384921,1.0
D0180,Dispute correspondence 8,Legal & Corporate,03 Legal & Corporate,27,6,0.04143540535078577,1.0
D0181,Share register 5,Legal & Corporate,03 Legal & Corporate,18,3,1.096203338971211,1.0
D0182,Shareholder agreement 31,Legal & Corporate,03 Legal & Corporate,15,4,1.6996617733176982,1.0
D0183,Share register 38,Legal & Corporate,03 Legal & Corporate,24,9,0.03575840612594201,1.0
D0184,IP register 5,Legal & Corporate,03 Legal & Corporate,20,15,0.817611284107436,1.0
D0185,IP register 32,Legal & Corporate,03 Legal & Corporate,23,4,0.8289797750147357,1.0
D0186,Dispute correspondence 14,Legal & Corporate,03 Legal & Corporate,18,17,0.7507807199575514,1.0
D0187,IP register 37,Legal & Corporate,03 Legal & Corporate,19,11,0.719864639912686,1.0
D0188,Property lease 35,Legal & Corporate,03 Legal & Corporate,25,17,0.040095337469301315,1.0
D0189,Shareholder agreement 12,Legal & Corporate,03 Legal & Corporate,22,11,0.01815243578390607,1.0
D0190,Dispute correspondence 1,Legal & Corporate,03 Legal & Corporate,18,12,0.6739042393333775,1.0
D0191,Shareholder agreement 16,Legal & Corporate,03 Legal & Corporate,26,17,0.8629447350850135,1.0
D0192,Share register 21,Legal & Corporate,03 Legal & Corporate,14,9,0.017451844534117095,1.0
D0193,Subsidiary accounts 29,Legal & Corporate,03 Legal & Corporate,27,4,0.5648122812884131,1.0
D0194,Shareholder agreement 1,Legal & Corporate,03 Legal & Corporate,23,12,0.8242759163458618,1.0
D0195,Subsidiary accounts 34,Legal & Corporate,03 Legal & Corporate,19,2,0.6837508774363625,1.0
D0196,Board minutes 27,Legal & Corporate,03 Legal & Corporate,21,4,0.7340289722080543,1.0
D0197,Dispute correspondence 37,Legal & Corporate,03 Legal & Corporate,27,15,1.6474871810388554,1.0
D0198,Property lease 10,Legal & Corporate,03 Legal & Corporate,25,8,1.3224869727525208,1.0
D0199,Board minutes 9,Legal & Corporate,03 Legal & Corporate,20,16,0.7014292781630654,1.0
D0200,Shareholder agreement 11,Legal & Corporate,03 Legal & Corporate,20,7,1.0177369350730263,1.0
D0201,Subsidiary accounts 13,Legal & Corporate,03 Legal & Corporate,21,11,1.1823759667528655,1.0
D0202,Board minutes 37,Legal & Corporate,03 Legal & Corporate,22,9,0.5436269149845053,1.0
D0203,Shareholder agreement 35,Legal & Corporate,03 Legal & Corporate,23,5,0.043400217625278986,1.0
D0204,Dispute correspondence 38,Legal & Corporate,03 Legal & Corporate,14,12,0.9446093614949926,1.0
D0205,Shareholder agreement 3,Legal & Corporate,03 Legal & Corporate,22,11,1.3593168377728402,1.0
D0206,Board minutes 30,Legal & Corporate,03 Legal & Corporate,26,7,1.8617142880682354,1.0
D0207,Dispute correspondence 7,Legal & Corporate,03 Legal & Corporate,20,14,1.4714543063243832,1.0
D0208,Dispute correspondence 14,Legal & Corporate,03 Legal & Corporate,22,4,0.9646184898885184,1.0
D0209,Share register 25,Legal & Corporate,03 Legal & Corporate,26,13,1.8230261943343615,1.0
D0210,Shareholder agreement 12,Legal & Corporate,03 Legal & Corporate,15,15,1.2911760766919316,1.0
D0211,IP register 22,Legal & Corporate,03 Legal & Corporate,22,1,0.8524509813425556,1.0
D0212,Subsidiary accounts 30,Legal & Corporate,03 Legal & Corporate,23,5,1.3293295067939463,1.0
D0213,Shareholder agreement 1,Legal & Corporate,03 Legal & Corporate,25,11,0.04087639142491106,1.0
D0214,Property lease 34,Legal & Corporate,03 Legal & Corporate,19,13,0.9801762227998829,1.0
D0215,Share register 5,Legal & Corporate,03 Legal & Corporate,22,9,0.4371164648044812,1.0
D0216,Subsidiary accounts 24,Legal & Corporate,03 Legal & Corporate,28,16,0.9879854154632439,1.0
D0217,Subsidiary accounts 23,Legal & Corporate,03 Legal & Corporate,12,0,1.3330561809553698,1.0
D0218,IP register 14,Legal & Corporate,03 Legal & Corporate,30,17,3.251578698922312,1.0
D0219,Subsidiary accounts 37,Legal & Corporate,03 Legal & Corporate,18,11,0.5107620768051263,1.0
D0220,Board minutes 28,Legal & Corporate,03 Legal & Corporate,22,14,2.3301738153500855,1.0
D0221,Dispute correspondence 33,Legal & Corporate,03 Legal & Corporate,24,0,0.8240016512738882,1.0
D0222,Property lease 29,Legal & Corporate,03 Legal & Corporate,12,4,0.8912494705963233,1.0
D0223,Board minutes 15,Legal & Corporate,03 Legal & Corporate,26,9,0.01929355653433617,1.0
D0224,Pension scheme rules 23,HR & Pensions,04 HR & Pensions,34,11,1.593662982759949,1.0
D0225,Bonus scheme rules 28,HR & Pensions,04 HR & Pensions,35,1,0.01436349249990134,1.0
D0226,Scheme member data 23,HR & Pensions,04 HR & Pensions,23,4,0.020289250778286746,1.0
D0227,Union agreement 6,HR & Pensions,04 HR & Pensions,25,7,1.2531740755577758,1.0
D0228,Senior employment contract 32,HR & Pensions,04 HR & Pensions,34,10,1.4841675445885874,1.0
D0229,Pension scheme rules 30,HR & Pensions,04 HR & Pensions,34,8,0.3962492261996962,1.0
D0230,Senior employment contract 23,HR & Pensions,04 HR & Pensions,34,16,0.6190685095144888,1.0
D0231,Pension scheme rules 24,HR & Pensions,04 HR & Pensions,30,8,1.8536485854883922,1.0
D0232,Pension scheme rules 16,HR & Pensions,04 HR & Pensions,29,5,1.5188745427363177,1.0
D0233,Scheme member data 30,HR & Pensions,04 HR & Pensions,30,9,0.03246177280009315,1.0
D0234,Union agreement 30,HR & Pensions,04 HR & Pensions,34,14,0.8982735522104396,1.0
D0235,Union agreement 3,HR & Pensions,04 HR & Pensions,37,2,0.029786113566295774,1.0
D0236,Pension scheme rules 15,HR & Pensions,04 HR & Pensions,20,17,2.697396923476861,1.0
D0237,Pension scheme rules 31,HR & Pensions,04 HR & Pensions,25,14,1.2834175181112704,1.0
D0238,Employee census 11,HR & Pensions,04 HR & Pensions,19,1,0.7977702191497206,1.0
D0239,Senior employment contract 13,HR & Pensions,04 HR & Pensions,27,2,1.2039730668317248,1.0
D0240,Union agreement 35,HR & Pensions,04 HR & Pensions,27,5,0.7355333288292472,1.0
D0241,Employee census 21,HR & Pensions,04 HR & Pensions,27,6,0.00945186334579671,1.0
D0242,Union agreement 9,HR & Pensions,04 HR & Pensions,35,13,0.7244288641217155,1.0
D0243,Pension scheme rules 23,HR & Pensions,04 HR & Pensions,25,4,1.117058001751719,1.0
D0244,Redundancy provision 34,HR & Pensions,04 HR & Pensions,28,14,1.0894449327927507,1.0
D0245,Employee census 28,HR & Pensions,04 HR & Pensions,35,2,1.296691363364228,1.0
D0246,Scheme member data 30,HR & Pensions,04 HR & Pensions,39,2,1.169900287056413,1.0
D0247,Scheme member data 6,HR & Pensions,04 HR & Pensions,27,6,0.0047914297398197634,1.0
D0248,Bonus scheme rules 10,HR & Pensions,04 HR & Pensions,25,6,1.5253593249466715,1.0
D0249,Redundancy provision 31,HR & Pensions,04 HR & Pensions,29,12,0.7734081482921976,1.0
D0250,Bonus scheme rules 35,HR & Pensions,04 HR & Pensions,35,0,1.1004133869176211,1.0
D0251,Redundancy provision 27,HR & Pensions,04 HR & Pensions,32,10,1.662652710466539,1.0
D0252,Union agreement 17,HR & Pensions,04 HR & Pensions,20,16,1.052915108079926,1.0
D0253,Redundancy provision 34,HR & Pensions,04 HR & Pensions,37,15,1.5989753812060747,1.0
D0254,Union agreement 29,HR & Pensions,04 HR & Pensions,34,12,0.007792721583966729,1.0
D0255,Redundancy provision 34,HR & Pensions,04 HR & Pensions,26,16,0.013814584169828578,1.0
D0256,Redundancy provision 4,HR & Pensions,04 HR & Pensions,32,7,0.024864883771134137,1.0
D0257,Scheme member data 25,HR & Pensions,04 HR & Pensions,31,16,1.119583974921334,1.0
D0258,Senior employment contract 8,HR & Pensions,04 HR & Pensions,25,15,1.1033485711350752,1.0
D0259,Employee census 5,HR & Pensions,04 HR & Pensions,20,1,0.7348133604809353,1.0
D0260,Scheme member data 24,HR & Pensions,04 HR & Pensions,41,0,0.015707071920202594,1.0
D0261,Scheme member data 6,HR & Pensions,04 HR & Pensions,23,10,1.3137922619766897,1.0
D0262,Bonus scheme rules 33,HR & Pensions,04 HR & Pensions,30,12,0.5498400788860126,1.0
D0263,Employee census 26,HR & Pensions,04 HR & Pensions,36,17,1.625325696390285,1.0
D0264,Pension scheme rules 21,HR & Pensions,04 HR & Pensions,31,17,0.01364319241843977,1.0
D0265,Union agreement 26,HR & Pensions,04 HR & Pensions,30,11,1.1483594491755806,1.0
D0266,Bonus scheme rules 20,HR & Pensions,04 HR & Pensions,39,3,0.0322570604513117,1.0
D0267,Pension scheme rules 3,HR & Pensions,04 HR & Pensions,28,15,4.024177413667922,1.0
D0268,Pension scheme rules 19,HR & Pensions,04 HR & Pensions,35,12,1.5021629655725088,1.0
D0269,Union agreement 19,HR & Pensions,04 HR & Pensions,25,6,1.387076064018796,1.0
D0270,Site layout 35,Operations & Sites,05 Operations & Sites,11,1,1.0611330868934161,1.0
D0271,Quality certification 30,Operations & Sites,05 Operations & Sites,17,12,1.3308682392639357,1.0
D0272,Machine register 19,Operations & Sites,05 Operations & Sites,19,7,0.03473291589395815,1.0
D0273,Machine register 8,Operations & Sites,05 Operations & Sites,13,3,0.8473579040092881,1.0
D0274,Quality certification 26,Operations & Sites,05 Operations & Sites,13,17,0.7433372912401138,1.0
D0275,Inventory ageing 8,Operations & Sites,05 Operations & Sites,8,17,0.602748508253646,1.0
D0276,Site layout 9,Operations & Sites,05 Operations & Sites,9,12,1.8325058656382738,1.0
D0277,Supplier agreement 17,Operations & Sites,05 Operations & Sites,17,7,0.9484948370085745,1.0
D0278,Machine register 34,Operations & Sites,05 Operations & Sites,13,2,0.5874244714900542,1.0
D0279,Supplier agreement 11,Operations & Sites,05 Operations & Sites,14,13,0.6128646579114215,1.0
D0280,Maintenance schedule 9,Operations & Sites,05 Operations & Sites,11,1,0.5039667801891926,1.0
D0281,Supplier agreement 17,Operations & Sites,05 Operations & Sites,16,5,0.3595411266870672,1.0
D0282,Quality certification 30,Operations & Sites,05 Operations & Sites,12,14,0.016583800947388188,1.0
D0283,Site layout 38,Operations & Sites,05 Operations & Sites,7,12,0.7135431161859339,1.0
D0284,Site layout 2,Operations & Sites,05 Operations & Sites,11,11,0.8937399202203102,1.0
D0285,Inventory ageing 23,Operations & Sites,05 Operations & Sites,17,11,0.04347156997847661,1.0
D0286,Quality certification 6,Operations & Sites,05 Operations & Sites,15,13,0.664308407059973,1.0
D0287,Site layout 2,Operations & Sites,05 Operations & Sites,10,10,0.9970295839067215,1.0
D0288,Maintenance schedule 5,Operations & Sites,05 Operations & Sites,14,12,0.8682869390033278,1.0
D0289,Quality certification 29,Operations & Sites,05 Operations & Sites,10,10,0.6025908265046016,1.0
D0290,Site layout 6,Operations & Sites,05 Operations & Sites,20,1,0.0367521766775864,1.0
D0291,Inventory ageing 38,Operations & Sites,05 Operations & Sites,12,17,2.6087305562451393,1.0
D0292,Inventory ageing 7,Operations & Sites,05 Operations & Sites,11,8,0.8344957880697523,1.0
D0293,Machine register 4,Operations & Sites,05 Operations & Sites,14,5,0.9140987009379408,1.0
D0294,Inventory ageing 36,Operations & Sites,05 Operations & Sites,10,13,1.1282843932949054,1.0
D0295,Machine register 28,Operations & Sites,05 Operations & Sites,11,8,0.037584813307885365,1.0
D0296,Maintenance schedule 6,Operations & Sites,05 Operations & Sites,14,2,1.8832926751862487,1.0
D0297,Site layout 31,Operations & Sites,05 Operations & Sites,17,15,0.008984485147541861,1.0
D0298,Maintenance schedule 7,Operations & Sites,05 Operations & Sites,10,7,2.2147800798324724,1.0
D0299,Quality certification 21,Operations & Sites,05 Operations & Sites,9,11,0.02365543450240185,1.0
D0300,Supplier agreement 5,Operations & Sites,05 Operations & Sites,14,7,2.671811576619406,1.0
D0301,Machine register 4,Operations & Sites,05 Operations & Sites,17,7,1.0709676089130884,1.0
D0302,Quality certification 3,Operations & Sites,05 Operations & Sites,14,10,0.02249921641315348,1.0
D0303,Supplier agreement 12,Operations & Sites,05 Operations & Sites,11,6,0.905850650471239,1.0
D0304,Machine register 4,Operations & Sites,05 Operations & Sites,8,0,2.087152759933473,1.0
D0305,Supplier agreement 23,Operations & Sites,05 Operations & Sites,14,15,3.805488053317802,1.0
D0306,Site layout 9,Operations & Sites,05 Operations & Sites,13,15,1.904966613180665,1.0
D0307,Maintenance schedule 35,Operations & Sites,05 Operations & Sites,20,7,1.2511594502603576,1.0
D0308,Site layout 33,Operations & Sites,05 Operations & Sites,16,1,0.04364242932835892,1.0
D0309,Site layout 24,Operations & Sites,05 Operations & Sites,10,16,0.017633737404429903,1.0
D0310,Machine register 5,Operations & Sites,05 Operations & Sites,16,5,2.0336917426539505,1.0
D0311,Supplier agreement 7,Operations & Sites,05 Operations & Sites,13,2,1.4440616652420777,1.0
D0312,Site layout 22,Operations & Sites,05 Operations & Sites,15,13,1.5955994325821923,1.0
D0313,Supplier agreement 25,Operations & Sites,05 Operations & Sites,11,10,0.019232564109909887,1.0
D0314,Inventory ageing 17,Operations & Sites,05 Operations & Sites,10,13,1.2398319612505018,1.0
D0315,Supplier agreement 18,Operations & Sites,05 Operations & Sites,16,10,0.4109753251205728,1.0
D0316,Site layout 22,Operations & Sites,05 Operations & Sites,15,17,0.01920655336625295,1.0
D0317,Quality certification 30,Operations & Sites,05 Operations & Sites,17,13,0.8064315886804854,1.0
D0318,Quality certification 12,Operations & Sites,05 Operations & Sites,10,12,1.1293738685627923,1.0
D0319,Inventory ageing 28,Operations & Sites,05 Operations & Sites,11,17,0.027361087850828626,1.0
D0320,Site layout 23,Operations & Sites,05 Operations & Sites,15,13,1.5471466630046393,1.0
D0321,Inventory ageing 18,Operations & Sites,05 Operations & Sites,9,1,0.012110741271005351,1.0
D0322,Corporation tax computation 38,Tax,06 Tax,17,17,1.072815306780794,1.0
D0323,Transfer pricing file 14,Tax,06 Tax,27,5,0.03761057933018033,1.0
D0324,VAT return 8,Tax,06 Tax,31,5,0.6856812566821925,1.0
D0325,PAYE settlement 39,Tax,06 Tax,20,4,0.7721879916650963,1.0
D0326,VAT return 34,Tax,06 Tax,25,8,1.8648702150334586,1.0
D0327,Corporation tax computation 34,Tax,06 Tax,23,13,0.04244726092158002,1.0
D0328,VAT return 34,Tax,06 Tax,17,3,0.8406045365663541,1.0
D0329,Corporation tax computation 28,Tax,06 Tax,26,2,0.02662477758927051,1.0
D0330,Corporation tax computation 15,Tax,06 Tax,18,17,0.42181397337944054,1.0
D0331,R&D claim 5,Tax,06 Tax,24,1,0.03722738466270842,1.0
D0332,VAT return 4,Tax,06 Tax,26,8,0.034917238010608254,1.0
D0333,VAT return 20,Tax,06 Tax,22,9,1.2975955112588704,1.0
D0334,PAYE settlement 36,Tax,06 Tax,17,17,0.03880685023323198,1.0
D0335,Corporation tax computation 21,Tax,06 Tax,21,0,0.8945512101782535,1.0
D0336,PAYE settlement 11,Tax,06 Tax,26,5,0.701681608542494,1.0
D0337,Corporation tax computation 11,Tax,06 Tax,28,0,0.7174181031054702,1.0
D0338,Transfer pricing file 17,Tax,06 Tax,22,16,1.1678838729877152,1.0
D0339,VAT return 37,Tax,06 Tax,30,9,0.5593069598552827,1.0
D0340,R&D claim 12,Tax,06 Tax,28,15,1.4047784138700177,1.0
D0341,VAT return 15,Tax,06 Tax,28,2,0.9508229438280812,1.0
D0342,VAT return 17,Tax,06 Tax,20,2,0.8693764750924166,1.0
D0343,PAYE settlement 29,Tax,06 Tax,24,6,1.1061244024227512,1.0
D0344,VAT return 29,Tax,06 Tax,28,7,1.738972165702054,1.0
D0345,Corporation tax computation 30,Tax,06 Tax,25,16,0.9914839864552119,1.0
D0346,Transfer pricing file 22,Tax,06 Tax,23,10,1.455751200085795,1.0
D0347,VAT return 3,Tax,06 Tax,16,10,0.7145405421984259,1.0
D0348,Corporation tax computation 6,Tax,06 Tax,26,7,1.3604132091053196,1.0
D0349,R&D claim 3,Tax,06 Tax,30,14,0.026811240060050427,1.0
D0350,R&D claim 33,Tax,06 Tax,22,16,0.03579070519107233,1.0
D0351,PAYE settlement 1,Tax,06 Tax,27,8,0.5056964239494437,1.0
D0352,Transfer pricing file 6,Tax,06 Tax,27,10,0.035751125641243345,1.0
D0353,PAYE settlement 17,Tax,06 Tax,21,15,1.2121314475052427,1.0
D0354,VAT return 17,Tax,06 Tax,26,4,0.476627000091807,1.0
D0355,System architecture 5,IT & Data,07 IT & Data,9,11,0.8603411067846322,1.0
D0356,System architecture 31,IT & Data,07 IT & Data,12,0,1.082779950146753,1.0
D0357,System architecture 29,IT & Data,07 IT & Data,12,9,0.6406502764700005,1.0
D0358,Cyber assessment 10,IT & Data,07 IT & Data,17,1,0.20572322198792492,1.0
D0359,Cyber assessment 29,IT & Data,07 IT & Data,10,8,0.03526841361087825,1.0
D0360,System architecture 27,IT & Data,07 IT & Data,11,2,0.6602625554970105,1.0
D0361,Data processing agreement 32,IT & Data,07 IT & Data,8,8,0.010732655197914047,1.0
D0362,Data processing agreement 33,IT & Data,07 IT & Data,16,12,0.027301848206670577,1.0
D0363,Cyber assessment 17,IT & Data,07 IT & Data,9,16,0.03413627925868659,1.0
D0364,Cyber assessment 18,IT & Data,07 IT & Data,8,15,0.7448578810388196,1.0
D0365,Licence register 33,IT & Data,07 IT & Data,7,16,1.1973114901611186,1.0
D0366,Data processing agreement 16,IT & Data,07 IT & Data,11,2,0.7780631474143491,1.0
D0367,Data processing agreement 8,IT & Data,07 IT & Data,15,2,1.4629379632661947,1.0
D0368,Data processing agreement 30,IT & Data,07 IT & Data,16,15,0.01359495902802205,1.0
D0369,System architecture 15,IT & Data,07 IT & Data,8,13,0.6723312114425226,1.0
D0370,Licence register 15,IT & Data,07 IT & Data,7,0,1.6415472073666375,1.0
D0371,Licence register 3,IT & Data,07 IT & Data,12,12,2.0350862384250195,1.0
D0372,Licence register 27,IT & Data,07 IT & Data,10,4,0.45366790189151657,1.0
D0373,Cyber assessment 34,IT & Data,07 IT & Data,11,9,0.6257445756618876,1.0
D0374,Licence register 6,IT & Data,07 IT & Data,15,16,1.6980979335369752,1.0
D0375,Cyber assessment 24,IT & Data,07 IT & Data,12,7,0.48533102542000317,1.0
D0376,Data processing agreement 30,IT & Data,07 IT & Data,7,15,0.8587208515686908,1.0
D0377,Licence register 20,IT & Data,07 IT & Data,17,4,0.020194951651313867,1.0
D0378,Cyber assessment 32,IT & Data,07 IT & Data,14,17,1.335979909548536,1.0
D0379,Cyber assessment 27,IT & Data,07 IT & Data,13,6,1.3435432291001883,1.0
D0380,System architecture 39,IT & Data,07 IT & Data,10,13,0.03540803103806646,1.0
D0381,Cyber assessment 16,IT & Data,07 IT & Data,11,8,0.019135270534188904,1.0
D0382,Licence register 2,IT & Data,07 IT & Data,13,5,0.013459159600980482,1.0
D0383,Permit register 15,Environmental & H&S,08 Environmental & H&S,19,14,1.0458104264992725,1.0
D0384,COSHH assessment 18,Environmental & H&S,08 Environmental & H&S,20,2,0.027117203587368174,1.0
D0385,Site condition survey 9,Environmental & H&S,08 Environmental & H&S,23,3,0.014140850744176052,1.0
D0386,COSHH assessment 33,Environmental & H&S,08 Environmental & H&S,12,0,0.03545293946438416,1.0
D0387,COSHH assessment 26,Environmental & H&S,08 Environmental & H&S,26,12,0.3450063815014367,1.0
D0388,Accident log 18,Environmental & H&S,08 Environmental & H&S,16,2,1.3843703671144634,1.0
D0389,Permit register 37,Environmental & H&S,08 Environmental & H&S,12,12,0.7536398660127074,1.0
D0390,Site condition survey 25,Environmental & H&S,08 Environmental & H&S,25,11,0.6840362610555835,1.0
D0391,COSHH assessment 5,Environmental & H&S,08 Environmental & H&S,12,2,1.809566501456044,1.0
D0392,Accident log 9,Environmental & H&S,08 Environmental & H&S,19,0,2.6391930958197767,1.0
D0393,Permit register 17,Environmental & H&S,08 Environmental & H&S,15,7,0.6892208611964291,1.0
D0394,Permit register 38,Environmental & H&S,08 Environmental & H&S,18,2,2.404438166509779,1.0
D0395,Site condition survey 2,Environmental & H&S,08 Environmental & H&S,16,7,0.01568397721243088,1.0
D0396,Permit register 24,Environmental & H&S,08 Environmental & H&S,21,8,0.6788097463764401,1.0
D0397,Accident log 7,Environmental & H&S,08 Environmental & H&S,14,6,0.7487371774346903,1.0
D0398,COSHH assessment 7,Environmental & H&S,08 Environmental & H&S,20,16,2.2496748019465125,1.0
D0399,Accident log 27,Environmental & H&S,08 Environmental & H&S,17,11,0.008361914253861524,1.0
D0400,Permit register 1,Environmental & H&S,08 Environmental & H&S,21,5,0.9353377087272918,1.0
D0401,COSHH assessment 30,Environmental & H&S,08 Environmental & H&S,18,2,2.2867445450235495,1.0
D0402,COSHH assessment 5,Environmental & H&S,08 Environmental & H&S,22,8,1.0462820565128177,1.0
D0403,COSHH assessment 13,Environmental & H&S,08 Environmental & H&S,12,7,1.1978205105355801,1.0
D0404,Accident log 24,Environmental & H&S,08 Environmental & H&S,15,16,0.6090201396090172,1.0
D0405,COSHH assessment 12,Environmental & H&S,08 Environmental & H&S,14,15,0.9751052122859192,1.0
D0406,Permit register 2,Environmental & H&S,08 Environmental & H&S,25,8,0.7380792536581464,1.0
D0407,Policy schedule 28,Insurance,09 Insurance,18,17,0.36546718975392806,1.0
D0408,Broker report 10,Insurance,09 Insurance,13,16,2.36553174755158,1.0
D0409,Broker report 29,Insurance,09 Insurance,16,3,1.4409978185688825,1.0
D0410,Broker report 4,Insurance,09 Insurance,20,1,1.0395595825836845,1.0
D0411,Broker report 32,Insurance,09 Insurance,16,12,0.853235096456817,1.0
D0412,Claims history 22,Insurance,09 Insurance,22,13,1.327917181363981,1.0
D0413,Policy schedule 9,Insurance,09 Insurance,12,7,0.3180583116379689,1.0
D0414,Claims history 25,Insurance,09 Insurance,17,16,1.1102874199186459,1.0
D0415,Policy schedule 23,Insurance,09 Insurance,22,12,0.026782005446259582,1.0
D0416,Broker report 25,Insurance,09 Insurance,19,11,0.0215898315436705,1.0
D0417,Claims history 3,Insurance,09 Insurance,20,2,1.7506014187289698,1.0
D0418,Broker report 25,Insurance,09 Insurance,14,5,1.079650037518239,1.0
D0419,Broker report 31,Insurance,09 Insurance,15,10,0.8354207985854963,1.0
D0420,Policy schedule 10,Insurance,09 Insurance,14,3,0.7366246712807737,1.0
D0421,Claims history 38,Insurance,09 Insurance,13,15,0.017756484390973146,1.0
D0422,Claims history 24,Insurance,09 Insurance,12,15,0.024760899010197828,1.0
D0423,Claims history 25,Insurance,09 Insurance,11,13,0.989758249549506,1.0
D0424,Policy schedule 28,Insurance,09 Insurance,27,3,1.081807768938941,1.0
H001,Actuarial valuation — Thornbury Pension Scheme,HR & Pensions,04 HR & Pensions,168,3,1.0,5.8
H002,Master supply agreement — Halstead Aerospace,Commercial & Customers,02 Commercial & Customers,94,1,1.0,5.2
H003,"Revenue and margin by customer, FY22–FY25",Commercial & Customers,02 Commercial & Customers,41,4,1.0,3.6
H004,Phase I environmental report — Tipton site,Environmental & H&S,08 Environmental & H&S,77,0,1.0,3.1
H005,Litigation schedule and counsel opinions,Legal & Corporate,03 Legal & Corporate,53,3,1.0,2.7
H006,Working capital: 36-month normalisation,Financial,01 Financial,62,1,1.0,3.3
H007,Management accounts — December 2025,Financial,01 Financial,38,3,1.0,2.4
H008,Senior employment contracts and LTIP,HR & Pensions,04 HR & Pensions,44,0,1.0,2.0
