customer_id,customer_name,segment,channel,region,currency,cohort,start_month,base_units,orders_pm,discount,passthrough,unit_drift,end_month
C0001,Alderley Finishing Ltd,Key Account,National Accounts,UK - Midlands,GBP,Won in FY25,2024-07,396.4902020859582,5.8435985973254665,0.8796133234198034,0.8968390783518716,-0.0691204313297022,2025-04
C0002,Caldera Infrastructure Group,Key Account,Direct Sales,UK - Midlands,GBP,Existing (pre-FY24),2023-04,262.5685749420084,8.904195514680412,0.9092614329544451,0.7756000854278146,-0.026787996853166858,2025-04
C0003,Granton Builders Merchants,Key Account,Direct Sales,UK - North,GBP,Existing (pre-FY24),2023-04,738.5955368459374,6.531184337312186,0.8637366412310338,0.7605207567780325,0.22265603761471459,2025-04
C0004,Draycott Contracting,Key Account,Direct Sales,EU - Benelux,EUR,Won in FY25,2025-03,329.11468834016813,7.462332841366313,0.9021476376579954,0.8380446367267668,-0.16726917711887557,2025-04
C0005,Granton Fabrications,Key Account,Direct Sales,EU - Nordics,EUR,Existing (pre-FY24),2023-04,2240.859720359995,7.3178096709509255,0.921075437337763,0.8282555049219921,0.13436845751444576,2025-04
C0006,Wexford Finishing Ltd,Key Account,Direct Sales,UK - Midlands,GBP,Existing (pre-FY24),2023-04,321.56617995817226,12.23342667437677,0.8355325556562653,0.7850383023461648,-0.1797400930154967,2025-04
C0007,Whitlock Builders Merchants,Key Account,Direct Sales,EU - Nordics,EUR,Existing (pre-FY24),2023-04,384.291009610015,9.35432551970775,0.9553995095232235,0.9148513744886819,-0.2632116345113848,2025-04
C0008,Pennine Distribution,Key Account,Direct Sales,UK - Midlands,GBP,Existing (pre-FY24),2023-04,332.6199162956165,5.173600862912613,0.906981047800854,0.8744855094042197,-0.24991291028279633,2025-04
C0009,Langdale Builders Merchants,Key Account,National Accounts,UK - North,GBP,Won in FY25,2024-09,236.4601745842234,10.604575389621587,0.9051866876807484,0.8120982356113599,-0.12473806018540803,2025-04
C0010,Brockwell Distribution,Key Account,Direct Sales,UK - South,GBP,Won in FY24,2023-12,938.2722937341301,10.68656420796841,0.8909372646255782,0.8572832931611803,0.15224207996680783,2024-02
C0011,Tavistock Fabrications,Key Account,National Accounts,UK - Midlands,GBP,Existing (pre-FY24),2023-04,532.9159206739081,10.844761789156587,0.9003788602293362,0.9060666052119285,0.05840644230541059,2025-04
C0012,Kinross Protective Systems,Key Account,National Accounts,EU - Benelux,EUR,Existing (pre-FY24),2023-04,610.0878401988095,10.025092642224028,0.8797616092145973,0.8372349602795779,0.060521379040303594,2025-04
C0013,Ferndale Paint & Decorating,Key Account,National Accounts,UK - South,GBP,Existing (pre-FY24),2023-04,1029.2909362858031,7.894272899859021,0.867212141702953,0.8871222250426499,-0.08131343542703913,2025-04
C0014,Garforth Protective Systems,Key Account,Direct Sales,EU - Benelux,EUR,Existing (pre-FY24),2023-04,190.5800148358672,10.227617451085262,0.8761434970052471,0.7577332318837431,0.1253988233571125,2025-04
C0015,Whitlock Contracting,Key Account,Direct Sales,UK - Midlands,GBP,Existing (pre-FY24),2023-04,972.4276344905533,12.948455601743358,0.8698937664281898,0.7966598977180033,0.03736887668378781,2025-04
C0016,Wraysbury Distribution,Key Account,National Accounts,UK - South,GBP,Existing (pre-FY24),2023-04,304.4754649428033,7.487650761335729,0.8703406668088486,0.8396253553371547,-0.18333720265840703,2025-04
C0017,Aalders Finishing Ltd,Key Account,Direct Sales,UK - South,GBP,Existing (pre-FY24),2023-04,681.870839194419,11.042093224200135,0.8217622117747795,0.890202269614174,-0.1029368563877954,2025-04
C0018,Redmayne Builders Merchants,Key Account,Direct Sales,UK - South,GBP,Existing (pre-FY24),2023-04,649.4084340510096,16.943517977758834,0.8664340342042194,0.8064183076904323,-0.1195249031370297,2025-04
C0019,Orwell Steelworks,Key Account,Direct Sales,UK - North,GBP,Existing (pre-FY24),2023-04,453.25257130306784,11.087374236055926,0.8756685576148762,0.857538891720084,-0.06408941002222332,2025-04
C0020,Halstead Marine Services,Key Account,National Accounts,UK - Midlands,GBP,Won in FY25,2024-10,184.45103519625582,11.378916616525993,0.8624792224153547,0.8295888981338311,-0.34441576879715036,2025-04
C0021,Dunmore Finishing Ltd,Key Account,Direct Sales,UK - North,GBP,Won in FY25,2024-11,256.4016926919261,3.567101643361713,0.9029827409208144,0.8834861408035972,-0.13560339192155552,2025-04
C0022,Orwell Finishing Ltd,Key Account,National Accounts,EU - Benelux,EUR,Existing (pre-FY24),2023-04,438.51415618620433,9.387717497608701,0.8285496498018181,0.8235650792312765,-0.18013290851560682,2025-04
C0023,Blackthorn Paint & Decorating,Key Account,Direct Sales,UK - Midlands,GBP,Existing (pre-FY24),2023-04,1128.2774951594101,9.260233467014858,0.8805320658227335,0.849761921223502,-0.05421726988385204,2025-04
C0024,Dunmore Protective Systems,Key Account,Direct Sales,UK - South,GBP,Existing (pre-FY24),2023-04,324.4750457425959,6.874559967663541,0.8297702542855514,0.7801304119429807,-0.3005356691896799,2025-04
C0025,Stanmore Distribution,Key Account,Direct Sales,EU - Benelux,EUR,Won in FY25,2024-11,323.84506829175393,9.784158565847195,0.891271687937501,0.8196355038496969,-0.06963651777968968,2025-04
C0026,Orwell Surface Technologies,Key Account,Direct Sales,UK - North,GBP,Existing (pre-FY24),2023-04,835.0560259194815,6.685821405317854,0.9330609844985298,0.771484947721143,0.33547944659114015,2025-04
C0027,Wexford Industrial Supplies,Mid-Market,E-commerce,UK - Midlands,GBP,Won in FY25,2024-11,55.0256524494795,8.41445848154419,0.9064598367002674,0.8960524440801135,0.07361977003816249,2025-04
C0028,Ilkley Distribution,Mid-Market,Direct Sales,EU - Nordics,EUR,Existing (pre-FY24),2023-04,136.73121765258247,6.324654885639383,0.9696846993275615,0.9074024458984259,0.12808633627721452,2025-04
C0029,Ossett Builders Merchants,Mid-Market,Direct Sales,EU - Benelux,EUR,Existing (pre-FY24),2023-04,131.521430752413,3.7966387245772366,0.9329577251498355,0.9802435261293363,0.10052059828399768,2025-04
C0030,Halstead Coatings Group,Mid-Market,Direct Sales,UK - South,GBP,Existing (pre-FY24),2023-04,101.75099395466876,4.369889645486401,1.003699735846201,0.8615999749172217,-0.03747415331787537,2025-04
C0031,Ossett Protective Systems,Mid-Market,Trade Counter,UK - Midlands,GBP,Existing (pre-FY24),2023-04,82.59126491787947,5.2225933163882345,0.9226563313281506,0.9105987186364856,0.007068818140591382,2023-10
C0032,Whitlock Trade Centre,Mid-Market,Direct Sales,UK - South,GBP,Existing (pre-FY24),2023-04,105.85996228193746,6.011773188412762,0.8932495530232265,0.9244227894457373,-0.002888004678746293,2025-04
C0033,Kestrel Distribution,Mid-Market,E-commerce,UK - North,GBP,Existing (pre-FY24),2023-04,91.78052030052147,3.419128492705329,0.9398045271296838,0.9921551654333189,-0.20589873487979313,2025-04
C0034,Vandermeer Builders Merchants,Mid-Market,Trade Counter,UK - South,GBP,Existing (pre-FY24),2023-04,85.32829930149106,4.187561056731141,1.0013616208215779,1.0119867839248082,-0.05436455149627799,2025-04
C0035,Langdale Engineering,Mid-Market,Direct Sales,UK - North,GBP,Existing (pre-FY24),2023-04,160.72364907879725,5.905319244237313,0.944665735018736,0.9183066213441445,0.14731893597879483,2025-04
C0036,Fairhurst Steelworks,Mid-Market,Trade Counter,UK - North,GBP,Won in FY25,2024-07,33.397165289115506,3.593357410432427,0.9324631293902205,0.9557781504240583,0.050037797311424534,2025-04
C0037,Dunmore Marine Services,Mid-Market,E-commerce,UK - North,GBP,Won in FY25,2024-05,90.04064246529522,2.602757032940724,0.9621230206018666,0.8544932190151209,-0.06535102104386985,2024-08
C0038,Whitlock Coatings Group,Mid-Market,Direct Sales,EU - Benelux,EUR,Existing (pre-FY24),2023-04,74.14856102985688,6.8671012254993915,0.9258498336057411,0.9169670137399407,0.020982427644022077,2025-04
C0039,Aalders Surface Technologies,Mid-Market,Direct Sales,UK - Midlands,GBP,Existing (pre-FY24),2023-04,43.620459291162156,2.9837803264955247,0.8947961078548204,0.8646111665575158,0.2269726079024966,2025-04
C0040,Kestrel Engineering,Mid-Market,Trade Counter,EU - Benelux,EUR,Existing (pre-FY24),2023-04,35.38737107250299,4.058328709504098,0.9302577576000847,0.9308181080032265,0.07550137409530741,2023-05
C0041,Granton Paint & Decorating,Mid-Market,Trade Counter,UK - North,GBP,Existing (pre-FY24),2023-04,56.71808989661784,2.7347616298594266,0.9369917790256224,0.8216247411220297,-0.02538774644955632,2023-04
C0042,Ilkley Contracting,Mid-Market,Direct Sales,UK - South,GBP,Existing (pre-FY24),2023-04,73.55207082580985,4.957440893463368,0.954938281707106,0.9027622814511225,0.029143734743844095,2025-04
C0043,Langdale Fabrications,Mid-Market,Trade Counter,UK - South,GBP,Existing (pre-FY24),2023-04,162.79468939739934,3.856234310043263,0.9522080572712691,0.9094630610766768,0.12887813969314527,2025-04
C0044,Brackley Engineering,Mid-Market,Trade Counter,UK - North,GBP,Won in FY24,2023-12,34.30763930632134,3.048536951048522,0.9438844304244391,0.8397243078374083,0.11907862913499494,2025-04
C0045,Newbold Surface Technologies,Mid-Market,Direct Sales,UK - South,GBP,Existing (pre-FY24),2023-04,70.92053429261281,4.901378072152497,0.9522991227603178,0.9217098974485531,-0.16369603379410474,2025-04
C0046,Garforth Trade Centre,Mid-Market,Trade Counter,UK - Midlands,GBP,Existing (pre-FY24),2023-04,178.2321106679102,2.3792417084236663,0.9683485257064175,0.9596602580635359,-0.1972738132665412,2025-04
C0047,Orwell Marine Services,Mid-Market,Trade Counter,EU - Benelux,EUR,Existing (pre-FY24),2023-04,103.15625692344932,2.933094460111674,0.9792282493426803,1.0105131935927785,0.16115610132408462,2025-04
C0048,Granton Contracting,Mid-Market,Trade Counter,EU - Benelux,EUR,Existing (pre-FY24),2023-04,84.47387191912934,4.154623105145848,0.9711532210737984,1.021786732079746,0.121826423587364,2024-10
C0049,Coniston Protective Systems,Mid-Market,Direct Sales,UK - South,GBP,Existing (pre-FY24),2023-04,80.68785833726106,7.180281174159997,0.9791029808869842,0.8768537068060358,-0.08036589045589226,2025-04
C0050,Nystrom Builders Merchants,Mid-Market,Trade Counter,UK - South,GBP,Existing (pre-FY24),2023-04,122.62744081769532,3.759465692466972,0.9794561977200624,0.9569318222072263,0.06832754260631596,2025-04
C0051,Halstead Engineering,Mid-Market,Trade Counter,UK - Midlands,GBP,Existing (pre-FY24),2023-04,89.98637160300737,3.9416787455055164,0.975220066994238,0.9468139618594267,0.2986410541681733,2025-04
C0052,Pentland Contracting,Mid-Market,Direct Sales,UK - Midlands,GBP,Existing (pre-FY24),2023-04,89.95379602359661,2.756347990693153,0.9707817035900542,0.8703049447666747,0.05956250008828506,2025-04
C0053,Nystrom Protective Systems,Mid-Market,E-commerce,Ireland,EUR,Existing (pre-FY24),2023-04,144.47990959777493,2.801097351219207,0.9432319524627084,0.9566218302457538,-0.028640225675349816,2025-04
C0054,Granton Protective Systems,Mid-Market,E-commerce,UK - North,GBP,Won in FY25,2025-03,105.65572709429927,3.825561829642872,0.968085629438235,0.910140436408594,0.08497666796803545,2025-04
C0055,Blackthorn Fabrications,Mid-Market,Direct Sales,UK - South,GBP,Existing (pre-FY24),2023-04,61.03236938314468,5.328498976528744,0.8988765004786243,0.9163168733372372,-0.04699595901592211,2025-04
C0056,Blackthorn Steelworks,Mid-Market,Direct Sales,UK - North,GBP,Existing (pre-FY24),2023-04,73.13493463566512,3.625140578868895,0.9488080242426976,0.8855836626224212,-0.12436242793050113,2024-04
C0057,Newbold Industrial Supplies,Mid-Market,Direct Sales,UK - South,GBP,Existing (pre-FY24),2023-04,77.55850878913799,3.2999727089486193,0.937263323181407,0.9785340177083339,0.17750892404938162,2025-04
C0058,Pennine Paint & Decorating,Mid-Market,Direct Sales,EU - Benelux,EUR,Existing (pre-FY24),2023-04,201.89336289106245,3.8411869587731275,0.9628342578792645,0.8555174048512273,0.05536958506289904,2025-04
C0059,Aalders Marine Services,Mid-Market,Direct Sales,UK - North,GBP,Existing (pre-FY24),2023-04,60.32291172932262,3.261879675813363,0.9488143514390198,0.914535124310567,0.017764180242983818,2025-04
C0060,Thornbury Protective Systems,Mid-Market,Direct Sales,UK - South,GBP,Existing (pre-FY24),2023-04,127.06349296317191,2.352527247183282,0.9391032503663626,0.8731117116966777,0.05910719764889907,2025-04
C0061,Ferndale Marine Services,Mid-Market,Direct Sales,UK - South,GBP,Existing (pre-FY24),2023-04,47.61753216310909,5.467135289088924,0.9247878601218175,0.9421291997822744,0.002499896667061288,2024-05
C0062,Kestrel Contracting,Mid-Market,Trade Counter,UK - South,GBP,Existing (pre-FY24),2023-04,66.87709237589401,4.645953448402397,0.9311051042953612,0.9621864438605355,-0.1192299462336548,2025-04
C0063,Nystrom Coatings Group,Mid-Market,Direct Sales,UK - Midlands,GBP,Existing (pre-FY24),2023-04,73.80232706529034,4.460639581974244,0.9670674075546323,1.0029386717164845,0.11096824108479374,2023-05
C0064,Dunmore Coatings Group,Mid-Market,Direct Sales,UK - South,GBP,Won in FY24,2024-03,24.26217006355143,4.350382431730257,0.9691046788418872,0.9318131394217659,0.16978879169876074,2025-01
C0065,Caldera Engineering,Mid-Market,Direct Sales,UK - North,GBP,Existing (pre-FY24),2023-04,174.97479900908053,3.9133295074003147,0.9637018366089505,0.8945531500719741,0.04476680871467852,2025-04
C0066,Ashgrove Coatings Group,Mid-Market,Direct Sales,UK - North,GBP,Existing (pre-FY24),2023-04,121.81233466480387,3.5417892345271778,0.9282758761561721,0.9333125730633905,0.02404743587264948,2025-04
C0067,Newbold Marine Services,Mid-Market,Direct Sales,Ireland,EUR,Existing (pre-FY24),2023-04,31.838655803702196,3.89661723709736,0.9050164183966956,0.8819123001429544,0.1638260226668876,2023-04
C0068,Vandermeer Fabrications,Mid-Market,Direct Sales,UK - South,GBP,Existing (pre-FY24),2023-04,81.21863145548923,2.637990468662887,0.9606930809114784,0.898199275417695,0.07145491033143986,2025-04
C0069,Elmsworth Finishing Ltd,Mid-Market,E-commerce,UK - South,GBP,Won in FY25,2025-03,69.69387940642848,6.124253669279973,0.9313072425111485,0.9162849152446457,-0.013641929013340295,2025-04
C0070,Pennine Builders Merchants,Mid-Market,Direct Sales,UK - South,GBP,Existing (pre-FY24),2023-04,141.7107429380224,3.4334048817487792,0.8562083103731525,0.9184352512642775,-0.08734322136285429,2023-11
C0071,Bellingham Industrial Supplies,Mid-Market,Direct Sales,UK - South,GBP,Existing (pre-FY24),2023-04,172.39806587826348,4.012043516565196,0.901146004518774,0.8634963863996413,-0.10702986963593274,2025-04
C0072,Blackthorn Industrial Supplies,Mid-Market,Direct Sales,EU - Benelux,EUR,Existing (pre-FY24),2023-04,86.36603623132169,5.445095583519652,0.9824755427200447,0.9139213171384706,-0.20522448705952015,2025-04
C0073,Brockwell Contracting,Mid-Market,Trade Counter,EU - Benelux,EUR,Won in FY25,2024-05,55.68614363176513,3.6263873543497964,0.9642448676831636,0.9063407827796436,0.010488465987286347,2025-04
C0074,Selby Engineering,Mid-Market,Direct Sales,EU - Nordics,EUR,Existing (pre-FY24),2023-04,322.6697570713569,2.3600278610205456,0.9076525103885359,0.8249582943492145,-0.017853635061704516,2023-12
C0075,Ashgrove Distribution,Mid-Market,Trade Counter,UK - North,GBP,Existing (pre-FY24),2023-04,32.215918848878204,3.4324222667131234,0.9459026488803806,0.9724208197625093,0.027232896802428505,2023-04
C0076,Ingleton Steelworks,Mid-Market,E-commerce,UK - Midlands,GBP,Existing (pre-FY24),2023-04,153.73572066421607,3.8797831100846483,0.9472370264727941,0.9560976904801916,0.16738559121521326,2025-04
C0077,Caldera Steelworks,Mid-Market,E-commerce,EU - Nordics,EUR,Won in FY25,2024-09,26.298768416189546,5.266784439955746,0.9596408150552992,0.8890596524671931,-0.10438728918816716,2024-12
C0078,Pennine Fabrications,Mid-Market,E-commerce,EU - Benelux,EUR,Won in FY25,2024-07,41.52492705268607,3.2730840690533607,0.9589444442811061,0.9903155537287747,-0.05958439232048114,2025-04
C0079,Ravensworth Builders Merchants,Mid-Market,Direct Sales,UK - South,GBP,Existing (pre-FY24),2023-04,262.79846424131733,3.817330432103279,0.9654196174899167,0.8618038445550749,-0.020299871781713198,2025-04
C0080,Coniston Trade Centre,Mid-Market,Direct Sales,UK - Midlands,GBP,Existing (pre-FY24),2023-04,56.14852919057001,3.2205318115428883,0.957244080177142,0.9125742488509595,-0.24611352440548437,2025-02
C0081,Brackley Finishing Ltd,Mid-Market,Direct Sales,UK - South,GBP,Existing (pre-FY24),2023-04,60.85663001422953,1.998568043033542,0.8775497601989591,0.9789379745775811,0.10237109836984212,2025-04
C0082,Sandhurst Coatings Group,Mid-Market,Direct Sales,Ireland,EUR,Existing (pre-FY24),2023-04,153.62648217385885,5.3418937597087695,0.9587725138134648,1.0517675674959706,0.05135321016888765,2025-04
C0083,Marlowe Contracting,Mid-Market,E-commerce,UK - North,GBP,Existing (pre-FY24),2023-04,85.28371783183556,1.6849573886647562,0.9686641665645698,0.9609496255553225,0.060552872031631254,2025-04
C0084,Orwell Fabrications,Mid-Market,Trade Counter,UK - Midlands,GBP,Won in FY24,2023-07,80.74718957432931,5.368089192170434,0.9689845989966684,0.9123285397909369,-0.18597790230553865,2025-04
C0085,Pennine Trade Centre,Mid-Market,Trade Counter,EU - Nordics,EUR,Existing (pre-FY24),2023-04,50.09281289321455,3.6212870018568517,0.9695793424081455,0.9778965069042314,-0.029622479744001083,2025-04
C0086,Thornbury Engineering,Mid-Market,Direct Sales,EU - Nordics,EUR,Existing (pre-FY24),2023-04,76.2655973460341,4.0465407261943165,0.9232170070425875,0.9865727188496378,-0.09159167074955664,2025-04
C0087,Draycott Marine Services,Mid-Market,E-commerce,EU - Nordics,EUR,Won in FY25,2025-01,50.436503773980974,4.487867755423467,0.969810139491046,0.9137079254362674,-0.0258787699720973,2025-04
C0088,Sandhurst Distribution,Mid-Market,Direct Sales,Ireland,EUR,Existing (pre-FY24),2023-04,100.76677796400018,4.6289097257982,0.9391848236817656,0.9401506047940775,0.038149796555754525,2025-04
C0089,Granton Surface Technologies,Mid-Market,E-commerce,UK - South,GBP,Existing (pre-FY24),2023-04,147.744942359437,6.092487568259768,0.9111421972623672,0.948044644306396,-0.04859864178261214,2025-04
C0090,Harlow Surface Technologies,Mid-Market,Trade Counter,UK - South,GBP,Existing (pre-FY24),2023-04,128.88001382827034,2.9892045236138896,0.9448963895502547,0.9253450425484393,-0.1372142328831136,2025-04
C0091,Latimer Finishing Ltd,Mid-Market,Direct Sales,UK - Midlands,GBP,Existing (pre-FY24),2023-04,167.07464938339277,6.257540640932305,0.9637479420024434,0.8519654544548675,-0.26653442446370434,2025-04
C0092,Blackthorn Finishing Ltd,Mid-Market,Trade Counter,UK - South,GBP,Existing (pre-FY24),2023-04,101.14699057041759,3.5296801786979857,0.9655385906124995,0.8597315745231378,0.006381186400279857,2025-04
C0093,Harlow Marine Services,Mid-Market,Direct Sales,EU - Benelux,EUR,Existing (pre-FY24),2023-04,287.61522259204037,3.30331323883896,0.9111448517038895,0.9150835243858161,0.014107085191988342,2025-04
C0094,Pentland Engineering,Mid-Market,Trade Counter,UK - Midlands,GBP,Existing (pre-FY24),2023-04,115.94217902176152,3.1635148417748997,0.9347705818153326,0.8788057801824312,-0.09597971248062695,2025-04
C0095,Tavistock Finishing Ltd,Mid-Market,Direct Sales,EU - Nordics,EUR,Existing (pre-FY24),2023-04,55.00534630482435,2.7114118626425356,0.9649493190814616,0.904405457057365,0.18487432671577628,2024-05
C0096,Blackthorn Engineering,Mid-Market,E-commerce,UK - North,GBP,Existing (pre-FY24),2023-04,156.8991706459384,3.8776559977454697,0.9149201879310885,0.837530460945088,-0.08828538652678707,2024-08
C0097,Vandermeer Coatings Group,Mid-Market,Direct Sales,UK - South,GBP,Existing (pre-FY24),2023-04,91.65498073392689,5.298467813270561,0.9739071628008472,0.8429655690007052,-0.04488315187899621,2025-04
C0098,Quorn Marine Services,Mid-Market,Direct Sales,UK - Midlands,GBP,Existing (pre-FY24),2023-04,223.63597973768134,3.085028406678011,0.9376107696350738,0.8969204372295956,0.04269145856206772,2023-07
C0099,Sandhurst Finishing Ltd,Mid-Market,Direct Sales,UK - North,GBP,Existing (pre-FY24),2023-04,63.85993812690434,3.2926503477787787,0.9402429682584571,0.9712394807803797,0.17911892573649435,2025-04
C0100,Langdale Marine Services,Mid-Market,E-commerce,UK - South,GBP,Existing (pre-FY24),2023-04,105.08868433179134,4.0778065473316305,0.9365220411985311,0.9042708745187985,-0.09403027605917345,2025-04
C0101,Stanmore Finishing Ltd,Mid-Market,E-commerce,UK - South,GBP,Existing (pre-FY24),2023-04,186.7817452099285,5.324703903911063,0.9310200142709769,0.9258151315128059,0.1694285973075939,2025-04
C0102,Harlow Fabrications,Mid-Market,Trade Counter,UK - South,GBP,Existing (pre-FY24),2023-04,135.93142949952326,4.742343913845847,0.9181121025137284,0.8572861829583511,-0.10982171737049387,2024-04
C0103,Aalders Distribution,Mid-Market,Trade Counter,UK - North,GBP,Existing (pre-FY24),2023-04,79.09062985520742,4.10786958268539,0.982750639580775,0.9675402946103855,-0.0045728020175316185,2025-04
C0104,Wexford Engineering,Mid-Market,E-commerce,UK - Midlands,GBP,Existing (pre-FY24),2023-04,71.91480927561116,3.4757908273554854,0.9490739883537161,0.9487022069048615,0.020152931530766485,2025-04
C0105,Pentland Paint & Decorating,Mid-Market,Direct Sales,UK - Midlands,GBP,Existing (pre-FY24),2023-04,84.24852701653475,5.042325954531072,0.9437110164148693,1.0093471876249562,0.09523800470487609,2025-04
C0106,Aalders Coatings Group,Mid-Market,Trade Counter,UK - South,GBP,Existing (pre-FY24),2023-04,113.68249150572754,3.8548065598846772,0.9412226887492419,0.8964930757097165,0.03750775236915617,2025-04
C0107,Coniston Steelworks,Mid-Market,Direct Sales,UK - South,GBP,Existing (pre-FY24),2023-04,62.90835919840501,3.9642116538210805,0.9418229468714838,0.9033622422147833,0.12734151142563646,2025-04
C0108,Marlowe Surface Technologies,Mid-Market,E-commerce,UK - South,GBP,Existing (pre-FY24),2023-04,83.79268685224093,4.25082170202245,0.9044695198153208,0.9877466776939254,0.07517460829774855,2025-04
C0109,Alderley Surface Technologies,Mid-Market,E-commerce,UK - South,GBP,Existing (pre-FY24),2023-04,102.63920163794896,2.624484355644129,0.9423685222719191,0.8468767847770278,-0.14521286558572438,2025-04
C0110,Redmayne Steelworks,Mid-Market,Direct Sales,UK - Midlands,GBP,Existing (pre-FY24),2023-04,115.873050194216,5.498844606306704,0.8910240269223633,0.8972525129429517,-0.027776742313255873,2025-04
C0111,Pennine Marine Services,Mid-Market,Direct Sales,EU - Benelux,EUR,Existing (pre-FY24),2023-04,262.26406086137683,4.052778416251619,0.9654190494908241,0.8655349462040649,0.04388355276232918,2025-04
C0112,Langdale Distribution,Mid-Market,Direct Sales,UK - Midlands,GBP,Existing (pre-FY24),2023-04,153.29710641290305,4.176592948068078,0.9849919089484741,0.9261371562843416,0.11547147884656621,2025-04
C0113,Lindholm Protective Systems,Mid-Market,Direct Sales,EU - Benelux,EUR,Existing (pre-FY24),2023-04,43.399281318659014,2.9141670914341598,0.9895710646884419,0.9304544605205919,0.07018648978320131,2025-04
C0114,Cranfield Finishing Ltd,Mid-Market,Direct Sales,UK - South,GBP,Existing (pre-FY24),2023-04,161.3676293811668,4.635849935836961,0.9985995851720522,0.8838857947444092,0.15743767943644782,2025-04
C0115,Redmayne Trade Centre,Mid-Market,Trade Counter,UK - South,GBP,Existing (pre-FY24),2023-04,81.42295780690452,4.185649336654285,0.9304573327961593,0.8610623520557872,0.06969236593788582,2025-04
C0116,Ravensworth Surface Technologies,Mid-Market,Trade Counter,UK - North,GBP,Existing (pre-FY24),2023-04,66.86061572952428,4.514216474759724,0.9455509650217206,1.0193582809318977,-0.1446927760879164,2025-04
C0117,Bellingham Contracting,Mid-Market,Direct Sales,UK - South,GBP,Existing (pre-FY24),2023-04,64.87776457691388,7.930423315628868,0.9693001103728357,0.8687470034512117,0.21227794965358582,2025-04
C0118,Bellingham Protective Systems,Mid-Market,Trade Counter,UK - Midlands,GBP,Existing (pre-FY24),2023-04,135.01501674261536,4.754318636043974,1.0279343212764025,0.9656729590988473,0.028664774006911448,2023-04
C0119,Aalders Engineering,Mid-Market,Direct Sales,UK - South,GBP,Won in FY24,2023-06,81.10916582879857,3.189986027736177,1.0122581385826057,0.9478149818739519,-0.07640371158749547,2025-04
C0120,Brockwell Builders Merchants,Mid-Market,Direct Sales,UK - North,GBP,Existing (pre-FY24),2023-04,147.39564866013464,3.9943479068369463,0.9363372946367328,0.9047128721270941,0.1504715638870072,2024-06
C0121,Pennine Surface Technologies,Mid-Market,Direct Sales,UK - South,GBP,Won in FY24,2023-09,218.25653971298112,7.599260751466626,0.9998633804359646,0.8826338196360152,0.014853958820753717,2025-04
C0122,Lindholm Contracting,SME,E-commerce,EU - Benelux,EUR,Existing (pre-FY24),2023-04,13.697620861799903,0.9771093809749061,1.0142875126796491,1.0935817534095769,-0.4682982424778136,2025-01
C0123,Bellingham Surface Technologies,SME,Direct Sales,UK - Midlands,GBP,Existing (pre-FY24),2023-04,6.294805971704007,1.487903465543696,0.9768650145550593,0.9894965455270572,0.1412879988767644,2025-04
C0124,Brockwell Steelworks,SME,Trade Counter,UK - North,GBP,Existing (pre-FY24),2023-04,9.30086957859101,1.007848910020478,1.0592251272687456,1.0544052130741306,-0.3515324786333786,2025-04
C0125,Stanmore Coatings Group,SME,E-commerce,UK - South,GBP,Existing (pre-FY24),2023-04,9.37477891288935,1.524260272784803,0.9945557742205097,1.0476052683028236,-0.3287289352079937,2025-04
C0126,Ravensworth Marine Services,SME,E-commerce,EU - Benelux,EUR,Existing (pre-FY24),2023-04,12.289820898442496,1.0325221620054834,0.976149265618606,1.0005865303236277,-0.07883163851390239,2025-03
C0127,Elmsworth Marine Services,SME,E-commerce,UK - North,GBP,Existing (pre-FY24),2023-04,8.280392269327619,1.6080214120368637,0.9886374806385914,0.9405034734318283,-0.2770177836274186,2024-05
C0128,Lindholm Finishing Ltd,SME,E-commerce,EU - Benelux,EUR,Won in FY24,2024-01,12.783095321601179,1.326599334881691,0.9898087690326947,0.9723274664165995,-0.11079037115146245,2025-04
C0129,Newbold Builders Merchants,SME,Trade Counter,Ireland,EUR,Existing (pre-FY24),2023-04,12.481491003675512,0.6672929661267878,0.9829650950247218,1.0186697919335503,-0.014428077752947306,2025-04
C0130,Draycott Steelworks,SME,Direct Sales,UK - Midlands,GBP,Existing (pre-FY24),2023-04,15.07400033792927,1.461867975553441,0.9868597086012352,0.9791873411084091,0.2783108679416721,2025-04
C0131,Garforth Surface Technologies,SME,Trade Counter,UK - North,GBP,Won in FY25,2024-07,10.912791162167878,1.2240612674508164,1.0049007431805788,0.9677403113749096,-0.2090884173726329,2025-04
C0132,Blackthorn Trade Centre,SME,Trade Counter,UK - Midlands,GBP,Existing (pre-FY24),2023-04,9.203535229473244,1.4157352621805173,1.0341105759123257,0.987051959070578,-0.09725281721333516,2024-04
C0133,Medway Builders Merchants,SME,E-commerce,UK - South,GBP,Existing (pre-FY24),2023-04,7.404527036976132,0.8482686149934148,1.0949499034835795,0.9939321548960885,0.06867463578323511,2024-12
C0134,Latimer Distribution,SME,Trade Counter,UK - North,GBP,Existing (pre-FY24),2023-04,10.734059554141053,2.1601037331390573,1.0089167646221977,0.9925818213753468,-0.21668084229372642,2025-04
C0135,Thornbury Contracting,SME,Trade Counter,UK - South,GBP,Existing (pre-FY24),2023-04,16.628176400622323,1.1702838674445586,0.9797782957660455,0.9048100787202907,-0.0008293857964573881,2023-12
C0136,Alderley Protective Systems,SME,Trade Counter,UK - North,GBP,Existing (pre-FY24),2023-04,8.860851569747112,1.1395218406980165,1.119775405697321,1.0085144205244396,-0.2438486705965731,2023-07
C0137,Lindholm Coatings Group,SME,Direct Sales,UK - North,GBP,Existing (pre-FY24),2023-04,16.36505170701361,0.9850316529005462,1.0465168387601331,0.9932278320394664,0.06613152279406377,2023-06
C0138,Latimer Builders Merchants,SME,E-commerce,UK - Midlands,GBP,Existing (pre-FY24),2023-04,5.305774160620081,0.9499593595959792,1.011014820566793,1.0031064263414644,-0.32249195730979036,2023-10
C0139,Burnham Trade Centre,SME,Direct Sales,UK - Midlands,GBP,Existing (pre-FY24),2023-04,3.255920852360483,1.051713779877754,0.9921434276646941,0.9983558267626089,0.11538467695196052,2024-08
C0140,Halstead Contracting,SME,E-commerce,EU - Benelux,EUR,Existing (pre-FY24),2023-04,2.3384153668779226,1.2346379213217331,0.9807374500440214,1.0002837068299726,-0.45356602557152087,2025-04
C0141,Langdale Trade Centre,SME,E-commerce,EU - Nordics,EUR,Existing (pre-FY24),2023-04,9.444409084329136,1.98194321820596,1.0137078628029177,1.0330987501435112,-0.1294558958450589,2024-01
C0142,Kestrel Paint & Decorating,SME,E-commerce,EU - Nordics,EUR,Existing (pre-FY24),2023-04,9.246262815563632,2.7259398088094753,1.081914947825768,0.9922600001770391,-0.13995627071482164,2023-09
C0143,Blackthorn Contracting,SME,Trade Counter,UK - South,GBP,Existing (pre-FY24),2023-04,15.672781676179033,1.329296582249513,1.0883989371792369,1.044075409303776,0.052692802410034045,2024-05
C0144,Wraysbury Industrial Supplies,SME,E-commerce,UK - North,GBP,Existing (pre-FY24),2023-04,7.214535625136069,2.070270295871268,0.9816327114119632,1.006644377520414,-0.09989030547625895,2023-07
C0145,Sandhurst Engineering,SME,E-commerce,UK - South,GBP,Existing (pre-FY24),2023-04,26.245878579250014,1.056278483046462,1.0008805933120857,0.9218856290973885,-0.01221016830527294,2025-04
C0146,Wexford Protective Systems,SME,Trade Counter,EU - Benelux,EUR,Existing (pre-FY24),2023-04,29.69966332909836,1.0738606968759281,1.0058362557532163,1.0110891645219917,-0.3388900143182449,2023-11
C0147,Sandhurst Protective Systems,SME,Trade Counter,UK - South,GBP,Existing (pre-FY24),2023-04,7.133187183929281,1.006069413059568,1.0092283257091579,1.0142614664162706,-0.11753867067143556,2024-07
C0148,Whitlock Marine Services,SME,Trade Counter,EU - Benelux,EUR,Existing (pre-FY24),2023-04,34.653716421064615,2.036575171089025,1.09656459584491,0.9306820605428335,-0.1071192786950885,2025-04
C0149,Thornbury Coatings Group,SME,Trade Counter,EU - Benelux,EUR,Existing (pre-FY24),2023-04,11.769065181417652,0.7689587342236569,1.0491240108270932,1.0264811137682475,-0.13749818869496558,2025-04
C0150,Brockwell Protective Systems,SME,Direct Sales,UK - South,GBP,Existing (pre-FY24),2023-04,23.27038591399985,0.6210336244465677,1.0912763338130116,1.064122772505409,-0.21884442910560908,2025-04
C0151,Burnham Surface Technologies,SME,Trade Counter,UK - South,GBP,Won in FY24,2023-08,12.078627506943075,1.0414231624410466,1.0354054083900557,1.0111043346537205,-0.06720371735743899,2025-04
C0152,Wraysbury Protective Systems,SME,Trade Counter,UK - South,GBP,Existing (pre-FY24),2023-04,14.849866208684046,1.3264987330630529,1.020006797200107,0.9563800047616415,-0.24173472984533229,2023-05
C0153,Cranfield Contracting,SME,Trade Counter,UK - Midlands,GBP,Existing (pre-FY24),2023-04,21.59070646582107,1.8225555593865568,1.026606411128379,0.977746207432431,-0.21443734787333496,2025-04
C0154,Corby Fabrications,SME,Trade Counter,EU - Benelux,EUR,Existing (pre-FY24),2023-04,33.01292905189849,1.8681377997757,1.0334658454181018,1.0260724402814718,0.15461199931737613,2025-04
C0155,Caldera Fabrications,SME,Trade Counter,UK - Midlands,GBP,Existing (pre-FY24),2023-04,10.533578401943203,1.2137621475175933,1.0321483396798978,1.0237676406294909,0.20327718635130831,2024-06
C0156,Kestrel Coatings Group,SME,Trade Counter,UK - South,GBP,Existing (pre-FY24),2023-04,14.12567934699804,1.6725890538405437,1.013817804655989,0.9120868623196711,-0.1928288899293767,2025-04
C0157,Brockwell Trade Centre,SME,Trade Counter,UK - South,GBP,Won in FY25,2025-02,5.326257906255979,1.0189010977074349,1.0327806662600478,0.9893308145143191,-0.10354515510361374,2025-04
C0158,Corby Marine Services,SME,Trade Counter,Ireland,EUR,Existing (pre-FY24),2023-04,53.07620788115758,1.0717496277319272,0.9787140088799374,1.0231910424696424,-0.20174774149915342,2023-07
C0159,Ashgrove Steelworks,SME,E-commerce,UK - Midlands,GBP,Existing (pre-FY24),2023-04,8.658350693150304,0.7864417716459625,1.0513456623169912,1.032855233522521,0.0417909463361828,2024-01
C0160,Redmayne Fabrications,SME,E-commerce,UK - South,GBP,Existing (pre-FY24),2023-04,10.45617263670237,1.1670466672849884,0.9907367744973266,0.9912005743143195,-0.08153650815346325,2025-04
C0161,Kestrel Industrial Supplies,SME,Direct Sales,UK - North,GBP,Existing (pre-FY24),2023-04,25.611131872602265,0.6780898991597791,1.0045994981925237,1.0508965343605272,-0.26900994716911353,2024-02
C0162,Elmsworth Surface Technologies,SME,Trade Counter,UK - Midlands,GBP,Existing (pre-FY24),2023-04,16.497095353128874,1.553571965268423,1.0470412849826911,0.9730947731112688,-0.0484295725010191,2025-04
C0163,Elmsworth Steelworks,SME,Trade Counter,Ireland,EUR,Won in FY25,2025-01,25.945992701498792,1.1816734798373434,1.0543197528877368,0.9855141124788428,-0.17091791534321127,2025-04
C0164,Coniston Fabrications,SME,E-commerce,UK - Midlands,GBP,Existing (pre-FY24),2023-04,7.846158185561808,2.3841287633241905,0.9988208588396574,1.1,-0.11442122628496876,2025-04
C0165,Halstead Fabrications,SME,E-commerce,UK - North,GBP,Existing (pre-FY24),2023-04,18.49914403517042,1.0977393746618715,1.0405886255943801,0.9897858192981784,-0.13995092832057393,2025-04
C0166,Corby Protective Systems,SME,Trade Counter,UK - South,GBP,Existing (pre-FY24),2023-04,23.158521296772815,1.1354585315656176,1.0696936485776167,0.9786629399878702,-0.04358623543850881,2025-04
C0167,Coniston Distribution,SME,E-commerce,UK - Midlands,GBP,Won in FY24,2023-06,19.259533787854334,1.5158214922521587,0.9826976137175231,1.083813858592686,-0.055449525714484284,2025-04
C0168,Tavistock Distribution,SME,Direct Sales,UK - Midlands,GBP,Existing (pre-FY24),2023-04,24.650521980677716,0.8920961723690636,1.034281625332431,0.9718551201180946,-0.16688368965440842,2025-04
C0169,Alderley Contracting,SME,Trade Counter,Ireland,EUR,Existing (pre-FY24),2023-04,33.99001594788564,1.234265480419471,1.048785266033228,1.0958582579675864,0.0016084379263367615,2025-04
C0170,Wraysbury Surface Technologies,SME,Trade Counter,UK - North,GBP,Existing (pre-FY24),2023-04,22.29909621330713,1.2666640347736153,1.0201481021617278,0.9948038310166525,0.15448108478881856,2023-08
C0171,Blackthorn Builders Merchants,SME,E-commerce,UK - South,GBP,Existing (pre-FY24),2023-04,15.762177416788912,1.2058069980320367,1.0293358279602682,1.0175632919465312,0.04400269300797044,2025-04
C0172,Dunmore Industrial Supplies,SME,Trade Counter,Ireland,EUR,Won in FY25,2024-04,10.76269812017572,1.922114887204613,1.0238547055528369,0.9606823422812156,0.24971780509122743,2024-04
C0173,Kestrel Trade Centre,SME,Direct Sales,UK - North,GBP,Existing (pre-FY24),2023-04,9.22746768541637,1.8173380244759931,1.0027855797892111,1.0023601342171513,0.12807924545878646,2025-04
C0174,Brockwell Engineering,SME,E-commerce,UK - South,GBP,Existing (pre-FY24),2023-04,38.02280410642305,0.9399575443033302,0.9777334170996913,1.0386942585291754,-0.04235095574015324,2023-04
C0175,Aalders Trade Centre,SME,Direct Sales,UK - Midlands,GBP,Existing (pre-FY24),2023-04,11.678976992724582,1.007712828088114,1.0184153881726634,1.039309471003315,-0.022274538273086508,2023-07
C0176,Dunmore Trade Centre,SME,E-commerce,UK - Midlands,GBP,Won in FY25,2024-11,25.8311260716965,1.3188382226841995,0.9876479232086084,0.9789414715099323,-0.08177603900964561,2025-04
C0177,Aalders Protective Systems,SME,E-commerce,EU - Benelux,EUR,Existing (pre-FY24),2023-04,5.39538715258549,0.7932560583260506,0.9947676266060094,1.074728939345109,0.161565167211824,2024-02
C0178,Medway Paint & Decorating,SME,Trade Counter,UK - North,GBP,Existing (pre-FY24),2023-04,17.68827033291963,0.9569228121444565,1.0514158043593909,1.0177446567053952,0.12737168159191653,2025-04
C0179,Aalders Paint & Decorating,SME,Trade Counter,UK - South,GBP,Existing (pre-FY24),2023-04,46.232424340329736,0.8957953611364943,1.040551037355405,0.9288656444302723,0.24509182499919974,2025-04
C0180,Kestrel Steelworks,SME,Trade Counter,EU - Nordics,EUR,Existing (pre-FY24),2023-04,26.760884328844345,1.7737059907467037,1.0052899784892524,1.0665479445293606,-0.047732289154227725,2025-04
C0181,Corby Engineering,SME,E-commerce,EU - Benelux,EUR,Existing (pre-FY24),2023-04,8.12798147057659,1.1902113281252402,1.0073338595265204,0.9398052989972352,-0.07302695676986617,2025-04
C0182,Ferndale Steelworks,SME,E-commerce,UK - South,GBP,Existing (pre-FY24),2023-04,11.180477533265206,1.424304439312813,1.0489558117162827,0.9895523540163801,-0.13077212075679973,2024-05
C0183,Latimer Protective Systems,SME,Trade Counter,UK - South,GBP,Existing (pre-FY24),2023-04,9.523392206492039,1.475218394757099,0.9283707440348788,1.0312936411573363,0.0014976767595305737,2024-10
C0184,Ossett Steelworks,SME,Trade Counter,UK - South,GBP,Existing (pre-FY24),2023-04,13.14666106392033,1.3123584096059124,0.9737979594203036,1.0178511948829194,-0.3050925300837314,2023-04
C0185,Ossett Paint & Decorating,SME,E-commerce,EU - Nordics,EUR,Existing (pre-FY24),2023-04,10.797106880308663,1.5718510727211508,1.0434756156383782,1.0018152941504377,0.22858534136686975,2025-04
C0186,Lindholm Marine Services,SME,E-commerce,UK - North,GBP,Won in FY24,2023-12,19.79152874755033,1.4532752480679163,1.055019985661037,0.931611353585682,-0.24065059999691824,2025-04
C0187,Wraysbury Coatings Group,SME,Trade Counter,EU - Nordics,EUR,Existing (pre-FY24),2023-04,19.523433451450853,0.9086003134751085,1.0081978804118457,1.0205606196382648,-0.036625335158431874,2024-03
C0188,Ingleton Distribution,SME,E-commerce,UK - North,GBP,Won in FY24,2023-07,13.484312488986207,0.49761606312693885,0.9999585765386093,0.9486864059647767,-0.19625287429797206,2023-07
C0189,Whitlock Fabrications,SME,Trade Counter,UK - South,GBP,Existing (pre-FY24),2023-04,11.44936235297842,2.483704037203971,1.0574418653313244,0.962766387521514,-0.2073239732806864,2025-04
C0190,Ferndale Fabrications,SME,E-commerce,UK - North,GBP,Existing (pre-FY24),2023-04,10.101164084379871,1.8279417751930733,1.0147487120631473,0.8933749431747828,-0.1599073790569961,2025-04
C0191,Alderley Distribution,SME,E-commerce,UK - South,GBP,Existing (pre-FY24),2023-04,27.58839915505335,1.0059290655209965,0.992584764525697,1.025938484919161,-0.05568846706777596,2025-04
C0192,Coniston Coatings Group,SME,E-commerce,EU - Benelux,EUR,Existing (pre-FY24),2023-04,17.52352086243219,1.0289426498997083,0.9915969067019331,1.00812566328225,-0.00893299807678978,2025-03
C0193,Redmayne Marine Services,SME,Trade Counter,Ireland,EUR,Existing (pre-FY24),2023-04,11.625272678912197,0.8457281343663723,1.0315368730021184,1.026315624409673,0.06299677521902555,2023-08
C0194,Stanmore Contracting,SME,E-commerce,UK - Midlands,GBP,Won in FY25,2024-12,2.1301597868937012,1.599310064926495,1.0254691790671076,0.9896961399720446,-0.09700315928641834,2025-03
C0195,Ferndale Coatings Group,SME,E-commerce,EU - Nordics,EUR,Won in FY24,2023-10,18.119990945581772,1.1426249131107318,1.050594300556708,1.0250435562258737,-0.17821256137531194,2025-04
C0196,Kestrel Protective Systems,SME,Trade Counter,UK - North,GBP,Existing (pre-FY24),2023-04,18.32634001214456,1.1253227126021337,0.9756506980636998,0.9687235728888609,0.06298908065093689,2025-04
C0197,Elmsworth Protective Systems,SME,E-commerce,EU - Nordics,EUR,Existing (pre-FY24),2023-04,16.817296160955866,1.912763384206772,1.07169068679351,0.9275565271769038,0.03244837909386579,2023-04
C0198,Halstead Paint & Decorating,SME,Trade Counter,UK - Midlands,GBP,Existing (pre-FY24),2023-04,8.640725547624042,1.7446399628072278,1.0669492743385631,0.9367008756722842,0.0347176192415251,2024-03
C0199,Garforth Builders Merchants,SME,E-commerce,UK - Midlands,GBP,Won in FY25,2024-06,9.852537863673437,1.7691882111801294,0.9937589661229287,1.019790444657684,-0.03622747608593199,2025-04
C0200,Quorn Engineering,SME,Direct Sales,UK - Midlands,GBP,Existing (pre-FY24),2023-04,1.7908762216527285,1.080355784371829,1.03111805526861,0.9891721447244569,-0.262000862165975,2025-04
C0201,Caldera Finishing Ltd,SME,Direct Sales,UK - Midlands,GBP,Existing (pre-FY24),2023-04,28.205638342178666,1.4005341268918416,1.064662526924299,0.9700627825332236,0.07446124911602613,2025-04
C0202,Redmayne Contracting,SME,Trade Counter,EU - Nordics,EUR,Existing (pre-FY24),2023-04,16.05272262992084,0.8303146306692509,1.0105783254289562,0.9491380508456944,-0.1357679114523336,2023-11
C0203,Harlow Steelworks,SME,Trade Counter,UK - South,GBP,Existing (pre-FY24),2023-04,15.521611289719097,2.206250942282971,0.9953894166669383,1.0264540171577246,-0.07637845179434315,2025-04
C0204,Coniston Paint & Decorating,SME,Trade Counter,UK - North,GBP,Existing (pre-FY24),2023-04,15.86789458343063,1.5463471178950718,0.9857027089105762,1.0307006894035935,-0.08468211161864572,2023-05
C0205,Ossett Surface Technologies,SME,E-commerce,UK - North,GBP,Existing (pre-FY24),2023-04,36.99174863315088,1.5339663134745511,1.0210295926918764,1.0162534652180484,-0.08541273134816282,2023-12
C0206,Wraysbury Paint & Decorating,SME,E-commerce,UK - Midlands,GBP,Existing (pre-FY24),2023-04,53.597068451912826,1.4772692792652193,1.013077912535991,1.0563778111931825,-0.21205835680067353,2025-04
C0207,Nystrom Steelworks,SME,E-commerce,UK - Midlands,GBP,Existing (pre-FY24),2023-04,14.307274185585147,1.3341530486684778,0.9583950909642968,1.0346976750485888,-0.1962118384829536,2024-08
C0208,Medway Contracting,SME,Trade Counter,EU - Benelux,EUR,Existing (pre-FY24),2023-04,10.966730514947521,1.971583738303875,0.9685698142592998,0.8993708606232975,0.17125201316344452,2024-07
C0209,Brockwell Coatings Group,SME,Trade Counter,EU - Nordics,EUR,Existing (pre-FY24),2023-04,25.62397121273554,1.7810194234817087,1.0485648918970751,1.0104880775741163,0.08499417965538374,2024-04
C0210,Bellingham Builders Merchants,SME,Direct Sales,UK - North,GBP,Existing (pre-FY24),2023-04,69.89966574506471,1.4201789979019466,1.0081563233811395,0.9957215976490369,0.21647625953059219,2025-04
C0211,Latimer Marine Services,SME,Trade Counter,Ireland,EUR,Existing (pre-FY24),2023-04,11.631309289123397,2.2753658760806883,1.0675407935693049,1.005936264194756,0.07163988252702948,2024-01
C0212,Cranfield Surface Technologies,SME,E-commerce,EU - Nordics,EUR,Existing (pre-FY24),2023-04,8.240780314676567,1.330109024799309,1.0166361892704832,0.9598168245210871,-0.03639565689261668,2023-05
C0213,Ossett Contracting,SME,E-commerce,Ireland,EUR,Existing (pre-FY24),2023-04,21.534573088552197,1.2193006998934413,1.0045693807445562,0.9413317684605588,-0.01882888269150262,2025-04
C0214,Brackley Fabrications,SME,Trade Counter,UK - South,GBP,Existing (pre-FY24),2023-04,10.007222439878525,1.2140031067388775,0.9794803551004337,1.0101003660952952,-0.04923953137340526,2024-01
C0215,Ilkley Coatings Group,SME,E-commerce,UK - North,GBP,Existing (pre-FY24),2023-04,20.747224370592132,1.788588011655883,1.0155829242227752,0.9225559201113875,-0.11835877340016286,2024-01
C0216,Fairhurst Contracting,SME,E-commerce,UK - Midlands,GBP,Existing (pre-FY24),2023-04,20.477759162715838,1.6192007404348865,1.0167504121301207,1.0444431314551716,0.022616417626868265,2025-04
C0217,Dunmore Contracting,SME,E-commerce,UK - North,GBP,Existing (pre-FY24),2023-04,14.012243361776848,1.334450035825164,1.0260129499990713,1.0394924392084943,-0.09059171656769913,2025-04
C0218,Whitlock Surface Technologies,SME,E-commerce,UK - North,GBP,Won in FY25,2024-12,7.772645065386153,1.284965343461773,1.0748595826259562,0.9894544181789873,-0.022717451182060075,2025-04
C0219,Ossett Trade Centre,SME,Trade Counter,EU - Benelux,EUR,Existing (pre-FY24),2023-04,24.219196913336805,1.560138020906282,0.9704990090587109,0.9881539691055116,-0.08640494226974413,2024-02
C0220,Tavistock Builders Merchants,SME,E-commerce,UK - South,GBP,Existing (pre-FY24),2023-04,10.380342004804907,1.0688919203882004,1.036909689745713,0.9952810912244991,0.017109083305775596,2025-04
C0221,Quorn Trade Centre,SME,Trade Counter,EU - Nordics,EUR,Won in FY25,2024-04,18.406524110336093,1.293106627551064,0.9955977910696352,1.0778615899515098,0.021109580128562525,2025-04
C0222,Harlow Contracting,SME,E-commerce,EU - Nordics,EUR,Existing (pre-FY24),2023-04,7.976299416423754,0.8243214127957353,1.0075672737579509,1.0152441324316883,0.1011184728631996,2023-06
C0223,Redmayne Finishing Ltd,SME,Trade Counter,UK - South,GBP,Existing (pre-FY24),2023-04,14.153368827280216,1.0224049469743393,1.0279290390756075,1.0441310694021548,-0.1310626097129649,2024-04
C0224,Pentland Finishing Ltd,SME,Trade Counter,EU - Benelux,EUR,Existing (pre-FY24),2023-04,32.15197820234356,1.4223596903901154,0.9915351539900085,0.9504322470351634,0.22708994236045255,2025-04
C0225,Ashgrove Builders Merchants,SME,Trade Counter,EU - Nordics,EUR,Existing (pre-FY24),2023-04,22.504353263605992,1.3033646890395783,1.0222443099756051,1.0352957784335532,0.019807551839071194,2025-04
C0226,Fairhurst Engineering,SME,E-commerce,EU - Nordics,EUR,Existing (pre-FY24),2023-04,14.0651788725815,3.4525708595106974,1.0137344060678235,0.992968917054693,-0.2181163873876063,2025-02
C0227,Vandermeer Distribution,SME,Trade Counter,UK - North,GBP,Existing (pre-FY24),2023-04,19.725421975697735,1.360965876890032,1.0432967918389595,0.9374520597864319,-0.12826547752912382,2024-01
C0228,Fairhurst Coatings Group,SME,E-commerce,EU - Benelux,EUR,Existing (pre-FY24),2023-04,8.671701251653866,0.9579083863913289,1.0199441770713298,0.986973841703239,-0.15499947587273866,2023-11
C0229,Alderley Steelworks,SME,E-commerce,UK - Midlands,GBP,Existing (pre-FY24),2023-04,20.815238346087483,1.4314463144777694,0.9989740967027313,0.9931101431332088,-0.153208955898188,2025-04
C0230,Pennine Industrial Supplies,SME,Trade Counter,EU - Benelux,EUR,Existing (pre-FY24),2023-04,20.320948325250786,1.8546535839557556,1.0561588716360424,0.9607145124794662,-0.08132802217434405,2025-04
C0231,Elmsworth Distribution,SME,Direct Sales,EU - Nordics,EUR,Existing (pre-FY24),2023-04,8.42274470509925,1.5769580424297032,1.0014856976703093,0.9789785254044355,-0.09598090299167579,2025-02
C0232,Selby Steelworks,SME,Trade Counter,UK - Midlands,GBP,Existing (pre-FY24),2023-04,29.147046602497632,0.7103893376932681,0.996791025718923,1.0480485658430883,0.03912553407788233,2024-04
C0233,Burnham Steelworks,SME,Trade Counter,Ireland,EUR,Existing (pre-FY24),2023-04,9.048821599090004,1.3365935275153003,0.9682307566720951,0.9893773728994818,0.014964037260494376,2023-09
C0234,Ferndale Protective Systems,SME,E-commerce,UK - South,GBP,Existing (pre-FY24),2023-04,12.152501294555904,1.1680690133329052,1.0837704285948628,1.086530609906028,-0.005039045087996241,2025-04
C0235,Latimer Steelworks,SME,Trade Counter,UK - North,GBP,Existing (pre-FY24),2023-04,18.350884248469765,0.7775809713807726,0.9892383764034703,0.9989424504998211,-0.013613937236161652,2025-04
C0236,Draycott Paint & Decorating,SME,E-commerce,UK - Midlands,GBP,Existing (pre-FY24),2023-04,16.994296471074428,1.3365438845233821,1.0138904382389127,0.9987389295977401,0.08638979740737367,2023-12
C0237,Selby Builders Merchants,SME,Trade Counter,UK - South,GBP,Existing (pre-FY24),2023-04,55.94315868040432,1.4244310472855886,1.0087484465942456,1.0673368055425068,-0.05913592233541542,2025-03
C0238,Tavistock Paint & Decorating,SME,Trade Counter,EU - Benelux,EUR,Existing (pre-FY24),2023-04,17.92982287199963,1.7346758957613693,1.0416948639296921,1.0087086787696709,0.1181329550116499,2024-07
C0239,Caldera Industrial Supplies,SME,Trade Counter,UK - South,GBP,Existing (pre-FY24),2023-04,7.751692572189179,1.9469035725093646,1.0074748344473623,0.9856019608066786,-0.03132588951928362,2025-04
C0240,Thornbury Trade Centre,SME,Trade Counter,UK - South,GBP,Existing (pre-FY24),2023-04,35.275357479167496,1.1450229292441305,1.0710967062287409,0.9834647739811008,-0.11077749160683929,2025-04
C0241,Garforth Fabrications,SME,E-commerce,UK - North,GBP,Existing (pre-FY24),2023-04,16.29270342827814,0.7502030383233652,1.0008127496007162,0.9563109820717453,0.03742258063633394,2023-06
C0242,Bellingham Marine Services,SME,E-commerce,UK - Midlands,GBP,Existing (pre-FY24),2023-04,18.47765678216722,0.8692731665247916,0.981243941497323,1.0326260442971678,0.20401793971958648,2025-04
C0243,Ossett Fabrications,SME,Direct Sales,UK - Midlands,GBP,Existing (pre-FY24),2023-04,21.355666912415696,0.8023122210964366,0.9617557006515474,1.028733071843801,-0.1179127798687796,2025-04
C0244,Alderley Fabrications,SME,E-commerce,UK - South,GBP,Existing (pre-FY24),2023-04,7.604298572779509,1.5893915376591945,1.0521433822457262,1.0111315406031416,-0.10066148131171943,2024-04
C0245,Ravensworth Steelworks,SME,Trade Counter,UK - North,GBP,Existing (pre-FY24),2023-04,36.060590029390724,0.8518323030419567,1.0436065636286211,1.0907604241345286,0.09969687629445649,2025-04
C0246,Langdale Protective Systems,SME,E-commerce,UK - Midlands,GBP,Existing (pre-FY24),2023-04,16.676296468042302,1.6757950676788413,0.9712722910608106,0.9810739323387113,0.04967780941349127,2024-12
C0247,Ashgrove Protective Systems,SME,Trade Counter,EU - Nordics,EUR,Existing (pre-FY24),2023-04,10.950859595362326,2.027157152666408,1.039376626981558,0.9953158036613415,-0.16324200584063114,2025-04
C0248,Thornbury Fabrications,SME,Trade Counter,UK - North,GBP,Won in FY25,2024-11,11.095416822790563,1.4038653260588048,0.9733700574582927,1.0479816047682107,0.011002963238587134,2025-04
C0249,Stanmore Builders Merchants,SME,Trade Counter,EU - Nordics,EUR,Existing (pre-FY24),2023-04,6.200216633413328,2.890302291095425,1.0058696810502463,1.0092826982565948,-0.07762493783613758,2023-08
C0250,Pentland Trade Centre,SME,Trade Counter,UK - Midlands,GBP,Existing (pre-FY24),2023-04,10.600664654851789,0.945997922492407,0.973129405543414,0.993095482160906,0.01823145938676797,2025-04
C0251,Granton Distribution,SME,Direct Sales,UK - South,GBP,Existing (pre-FY24),2023-04,20.62133491625293,1.5131516611409965,0.9663250815170727,1.0054347200766047,-0.193420271341394,2024-08
C0252,Draycott Trade Centre,SME,Trade Counter,UK - Midlands,GBP,Existing (pre-FY24),2023-04,22.368598466265727,1.2829394979059858,1.073157704053123,1.0980186073979046,-0.2878443180164449,2025-01
C0253,Brackley Coatings Group,SME,E-commerce,UK - South,GBP,Existing (pre-FY24),2023-04,17.067363118503707,1.0240660526980163,1.0347374422097575,0.9958395585487072,-0.03093465065507495,2025-04
C0254,Vandermeer Marine Services,SME,Trade Counter,EU - Benelux,EUR,Existing (pre-FY24),2023-04,19.501777701532205,1.24614428793948,0.9929555293980237,0.9824737116704456,-0.034232807098196254,2023-10
C0255,Kestrel Builders Merchants,SME,E-commerce,UK - North,GBP,Existing (pre-FY24),2023-04,14.147653473732095,1.0129221048823498,0.9948379014345619,0.9922690379135178,-0.059689614171460785,2023-06
C0256,Selby Fabrications,SME,Trade Counter,EU - Benelux,EUR,Existing (pre-FY24),2023-04,19.101069113798882,0.9844446356210653,0.9899656943429979,1.0223090165358348,0.23620536520624452,2025-04
C0257,Medway Finishing Ltd,SME,Trade Counter,EU - Nordics,EUR,Existing (pre-FY24),2023-04,12.547930667996775,1.224522916544817,1.0314412438630203,0.9841786536219526,0.0038139693528877958,2023-11
C0258,Newbold Contracting,SME,Trade Counter,UK - North,GBP,Existing (pre-FY24),2023-04,58.43675225754631,1.474656032938026,1.0238071630501608,1.0867497589746302,0.1696858959497924,2025-04
C0259,Medway Fabrications,SME,E-commerce,EU - Benelux,EUR,Won in FY25,2024-08,8.41551035953536,1.867399028250538,1.0267527252925297,1.0590512333276387,-0.4022534699442896,2025-04
C0260,Redmayne Industrial Supplies,SME,E-commerce,UK - South,GBP,Existing (pre-FY24),2023-04,22.633920476289397,2.008154261424802,1.0419048072271324,1.0756473674608236,-0.017424971685095533,2025-04
C0261,Cranfield Steelworks,SME,E-commerce,EU - Benelux,EUR,Existing (pre-FY24),2023-04,34.140443077173295,1.6309410669881776,0.9687092540181218,1.0150756864450017,0.1774261859294003,2024-07
C0262,Burnham Finishing Ltd,SME,E-commerce,EU - Benelux,EUR,Existing (pre-FY24),2023-04,20.276110709356427,1.6313505547143596,1.0449313586499818,1.1,-0.08825574666091603,2024-12
C0263,Orwell Industrial Supplies,SME,Trade Counter,UK - North,GBP,Existing (pre-FY24),2023-04,9.188441747117281,0.8524964167772932,1.028600310440399,1.038819141611036,0.12716066989521563,2025-04
C0264,Tavistock Surface Technologies,SME,E-commerce,UK - Midlands,GBP,Existing (pre-FY24),2023-04,29.817028775787968,1.1159862323064724,1.032397152886314,0.9828982209631716,-0.19033787570906713,2025-04
C0265,Wraysbury Steelworks,SME,E-commerce,UK - North,GBP,Existing (pre-FY24),2023-04,15.546846300231561,0.8692782199139327,1.0190292932769227,1.0061778607098508,0.29261732100884164,2025-04
C0266,Ashgrove Paint & Decorating,SME,Trade Counter,UK - North,GBP,Existing (pre-FY24),2023-04,22.671974204439852,1.0015842806851456,0.9645695156474298,1.0122992336367713,-0.1832808004910066,2025-04
C0267,Kinross Coatings Group,SME,Direct Sales,Ireland,EUR,Existing (pre-FY24),2023-04,16.55520105038711,1.0090794592589525,0.9703723459911798,1.1,-0.28572606459714917,2025-04
C0268,Sandhurst Fabrications,SME,Direct Sales,UK - South,GBP,Existing (pre-FY24),2023-04,20.668721152836163,1.1586807259383842,1.0248679057395926,0.9734991348610654,-0.07374591677452111,2025-04
C0269,Sandhurst Paint & Decorating,SME,Trade Counter,UK - South,GBP,Existing (pre-FY24),2023-04,9.583168024806913,2.1474281042344656,1.0053464003748827,1.0094464914232308,0.11865213415563701,2025-04
C0270,Ossett Coatings Group,SME,E-commerce,EU - Nordics,EUR,Won in FY25,2024-10,16.071676538818412,1.7128370219059996,1.0259366562979608,1.0186257386731588,-0.11699019919392044,2025-04
C0271,Bellingham Paint & Decorating,SME,Trade Counter,UK - South,GBP,Existing (pre-FY24),2023-04,39.55506407714429,1.897491499778272,1.0040060174352863,0.9878876037012335,-0.13581688821468743,2023-06
C0272,Garforth Coatings Group,SME,Direct Sales,UK - North,GBP,Existing (pre-FY24),2023-04,14.671395294067267,1.6300812580360067,0.9810813593027872,1.0825139255228593,-0.02417239847860457,2023-09
C0273,Wraysbury Trade Centre,SME,Trade Counter,UK - South,GBP,Existing (pre-FY24),2023-04,5.667477780708899,0.7790150795234668,0.9817731947158886,1.0158919563224413,-0.07235181713147731,2025-04
C0274,Sandhurst Contracting,SME,Trade Counter,UK - North,GBP,Existing (pre-FY24),2023-04,18.33323601582405,1.0179284318521655,1.0414419915239137,0.9486782981793414,0.19531348315450558,2025-04
C0275,Draycott Surface Technologies,SME,Trade Counter,Ireland,EUR,Existing (pre-FY24),2023-04,8.386335988281088,1.3773130494380337,1.0436372155529419,1.0396486986059454,0.1406452758868661,2025-04
C0276,Latimer Engineering,SME,E-commerce,UK - North,GBP,Existing (pre-FY24),2023-04,12.022782917084928,1.2333606778551187,1.0794592495004123,1.0344918745750147,0.018834027355531954,2023-12
C0277,Selby Industrial Supplies,SME,E-commerce,UK - Midlands,GBP,Existing (pre-FY24),2023-04,14.75131269853337,1.548528193404678,1.1385304098006763,0.9669073571454976,0.12385285024647154,2025-04
C0278,Whitlock Paint & Decorating,SME,E-commerce,Ireland,EUR,Existing (pre-FY24),2023-04,17.35673903582603,1.6259283371636484,0.9671867518065781,1.0469714453223784,-0.06993393054306159,2025-04
C0279,Stanmore Protective Systems,SME,Trade Counter,UK - North,GBP,Won in FY25,2024-09,7.343934863098753,1.179432504021062,1.0573072387012101,0.9895006493943479,-0.032892076381683594,2024-11
C0280,Alderley Paint & Decorating,SME,E-commerce,UK - North,GBP,Existing (pre-FY24),2023-04,9.787140260214048,1.4822371931077198,0.9348904872103694,0.9344833505833058,-0.011643616613996294,2024-08
C0281,Selby Marine Services,SME,E-commerce,UK - North,GBP,Existing (pre-FY24),2023-04,23.631787395353538,1.1537735635333528,1.0166560841758463,1.0337694885331736,-0.029969617838570176,2023-06
C0282,Dunmore Steelworks,SME,E-commerce,UK - South,GBP,Won in FY24,2023-06,8.703737310909581,1.668910172366903,0.9969310337324734,1.0021691072209955,-0.046778624058824575,2025-04
C0283,Pentland Protective Systems,SME,Trade Counter,UK - North,GBP,Won in FY25,2025-02,9.522900244668364,1.9599325667475145,1.0050947600042683,1.055947635753542,-0.1559418701904983,2025-04
C0284,Selby Paint & Decorating,SME,Direct Sales,UK - Midlands,GBP,Existing (pre-FY24),2023-04,12.73433587790229,1.0610678321824016,1.0612596619373849,1.010128674575407,-0.03127788858359818,2025-04
C0285,Brackley Steelworks,SME,Direct Sales,UK - Midlands,GBP,Existing (pre-FY24),2023-04,9.672549668666507,0.5705168124402807,1.0344454031101007,1.0623049966441667,-0.20573646856190436,2025-04
C0286,Harlow Industrial Supplies,SME,Trade Counter,UK - South,GBP,Existing (pre-FY24),2023-04,14.440902777080147,2.0436771332763306,1.0180663275105,0.9984877558880757,-0.32016215570269413,2025-04
C0287,Quorn Finishing Ltd,SME,E-commerce,EU - Nordics,EUR,Existing (pre-FY24),2023-04,16.869688598233317,1.5929262222857454,1.029822877645657,0.9694034454679433,-0.12032260135165847,2023-09
C0288,Corby Surface Technologies,SME,Trade Counter,UK - Midlands,GBP,Existing (pre-FY24),2023-04,18.253001412310738,1.4756176199400597,0.995169175312719,0.9212959559374205,-0.09323551328252744,2024-03
C0289,Stanmore Industrial Supplies,SME,Trade Counter,EU - Nordics,EUR,Existing (pre-FY24),2023-04,5.458136276958249,1.689620353410006,1.0484978805575376,0.9728802137861142,-0.021555967510441313,2025-04
C0290,Marlowe Fabrications,SME,Trade Counter,UK - Midlands,GBP,Existing (pre-FY24),2023-04,33.18985519243568,1.5082955238651459,1.0156876263657437,0.9589548455465111,-0.060514628346465135,2025-04
C0291,Latimer Contracting,SME,Trade Counter,UK - South,GBP,Existing (pre-FY24),2023-04,4.60605325648708,1.1251307331174085,0.9781245271183726,0.9778131695884869,-0.09433954374501538,2024-04
C0292,Vandermeer Industrial Supplies,SME,Trade Counter,UK - South,GBP,Existing (pre-FY24),2023-04,24.95956053488078,1.152111500629789,1.1004724175429492,0.922732376274954,-0.12493418153731108,2024-07
C0293,Brockwell Paint & Decorating,SME,E-commerce,EU - Benelux,EUR,Existing (pre-FY24),2023-04,21.12142881171455,1.0768980253358091,1.079574215999291,1.0640026273548568,0.027653588834990472,2025-04
C0294,Ashgrove Finishing Ltd,SME,E-commerce,UK - Midlands,GBP,Existing (pre-FY24),2023-04,6.881673432252136,1.5991149777653055,1.032030752529773,1.0242293317345474,-0.15410468201484528,2024-01
C0295,Kinross Marine Services,SME,E-commerce,UK - North,GBP,Won in FY25,2024-07,10.965251925140688,1.5581089205300793,1.0357077925129428,1.0445474281447664,0.05577533332525794,2025-04
C0296,Cranfield Engineering,SME,E-commerce,UK - Midlands,GBP,Won in FY25,2024-09,13.40606226571747,1.0542080486131058,0.9642827385363606,0.9240831367983552,-0.09078949718923962,2025-04
C0297,Brackley Industrial Supplies,SME,Direct Sales,UK - South,GBP,Existing (pre-FY24),2023-04,14.239012263304518,2.3285463081493885,1.0263399175406098,0.9173796134110507,0.06733023134272226,2024-07
C0298,Fairhurst Industrial Supplies,SME,Direct Sales,EU - Benelux,EUR,Existing (pre-FY24),2023-04,7.651985914480876,1.629123825520229,0.9739238033970631,0.9559271009852135,-0.16354606124710083,2024-07
C0299,Ferndale Industrial Supplies,SME,E-commerce,EU - Benelux,EUR,Existing (pre-FY24),2023-04,16.121015923351237,3.0498559713027897,1.021980894107841,1.0060610757335036,0.11090231514764066,2024-08
C0300,Langdale Finishing Ltd,SME,Trade Counter,EU - Nordics,EUR,Existing (pre-FY24),2023-04,11.70356159163019,1.5308227149451357,0.9871994851237524,0.9646832884027394,-0.05388095738857461,2023-11
C0301,Lindholm Distribution,SME,E-commerce,UK - Midlands,GBP,Existing (pre-FY24),2023-04,17.623377692317423,1.6702248368776709,1.008039422231394,1.0004493520555136,-0.040450296900763794,2025-02
C0302,Stanmore Engineering,SME,Trade Counter,EU - Nordics,EUR,Existing (pre-FY24),2023-04,13.485610652175772,1.281041521572457,1.0106490524005103,0.9245646533084567,-0.08073779110720083,2024-12
C0303,Ashgrove Trade Centre,SME,Trade Counter,UK - North,GBP,Won in FY24,2023-06,7.159662941149403,1.4242473921075454,0.9571519752756034,1.0042340711731037,-0.01517804196784523,2025-04
C0304,Newbold Engineering,SME,Trade Counter,UK - Midlands,GBP,Existing (pre-FY24),2023-04,11.063002777848146,1.8841046653990086,1.0445245119818494,1.042018541518517,0.26434900659338695,2024-03
C0305,Draycott Finishing Ltd,SME,E-commerce,Ireland,EUR,Won in FY24,2023-09,11.266299089927065,1.0737830277804534,0.9924729255270425,1.014475835449017,-0.06918860163005941,2025-04
C0306,Fairhurst Protective Systems,SME,Trade Counter,UK - South,GBP,Won in FY25,2024-08,2.6501898863392146,0.8182328765053265,1.0277838218691855,0.9862076178794174,-0.020741082813217935,2025-02
C0307,Medway Marine Services,SME,Direct Sales,UK - South,GBP,Existing (pre-FY24),2023-04,42.37397442741679,1.6914597939944915,1.0352950573310418,1.0299884309166492,-0.08344960667260473,2025-04
C0308,Latimer Industrial Supplies,SME,Trade Counter,UK - Midlands,GBP,Won in FY25,2025-03,5.390562018598012,1.939035895230133,1.086873474926753,0.9726153007458069,-0.0598616820278939,2025-04
C0309,Ingleton Contracting,SME,E-commerce,UK - North,GBP,Existing (pre-FY24),2023-04,39.188615218855865,1.2220452411497496,0.9942909702164036,0.9023219640156099,-0.2560044011212724,2025-04
C0310,Cranfield Marine Services,SME,Trade Counter,Ireland,EUR,Won in FY24,2024-02,10.804205807610426,1.4113585611465962,1.0644238559730297,1.0564130205328144,-0.046247612353851955,2025-04
C0311,Orwell Builders Merchants,SME,Trade Counter,EU - Nordics,EUR,Won in FY24,2023-06,47.085179474133696,1.2949546993003722,0.9590762886406432,0.8204091848343388,0.036857728383682425,2025-04
C0312,Pentland Coatings Group,SME,E-commerce,UK - Midlands,GBP,Existing (pre-FY24),2023-04,12.902790912591943,1.2897490529219708,1.001791223255487,0.9338557949862447,-0.19257531716738024,2025-04
C0313,Kestrel Surface Technologies,SME,Trade Counter,UK - North,GBP,Existing (pre-FY24),2023-04,8.272538684433,1.652890262869639,1.0052316503285716,1.0596852509509074,0.057205642534651324,2025-04
C0314,Ilkley Industrial Supplies,SME,Trade Counter,UK - Midlands,GBP,Existing (pre-FY24),2023-04,22.82899870485469,1.1822392897553768,0.9738629868340505,0.943200601955132,0.15491371105675877,2023-11
C0315,Pennine Engineering,SME,E-commerce,UK - North,GBP,Won in FY25,2024-10,6.800697345643655,1.3800998309172627,0.9931725654879071,1.1,0.3008812704810797,2025-04
C0316,Corby Paint & Decorating,SME,Trade Counter,UK - North,GBP,Existing (pre-FY24),2023-04,42.69010523236522,1.5123337096884086,1.09477402365725,1.0084251118593819,-0.2563032322966251,2023-05
C0317,Cranfield Fabrications,SME,E-commerce,UK - Midlands,GBP,Existing (pre-FY24),2023-04,19.38107423805009,1.5364505581756507,1.0312177557020574,0.9929674805897195,0.03248754684521417,2025-04
C0318,Tavistock Engineering,SME,Trade Counter,UK - North,GBP,Won in FY25,2024-04,2.948940444029755,1.3566544148156432,1.0709477185867213,1.0063212405961681,-0.029068137972066307,2025-04
C0319,Marlowe Coatings Group,SME,E-commerce,UK - South,GBP,Existing (pre-FY24),2023-04,12.880779112869812,1.3084440427196602,1.0898927839426755,0.9815653932592181,-0.1387987763378969,2023-06
C0320,Garforth Paint & Decorating,SME,E-commerce,UK - South,GBP,Existing (pre-FY24),2023-04,10.46108001766121,1.8843527011340622,1.02000740073314,1.0452221222435025,0.046088799864906146,2025-04
C0321,Thornbury Distribution,SME,E-commerce,EU - Benelux,EUR,Existing (pre-FY24),2023-04,9.432065246067122,1.4101550351053287,1.0799575408727495,1.0379989404332175,-0.07079862802352724,2025-04
C0322,Tavistock Coatings Group,SME,Trade Counter,UK - Midlands,GBP,Existing (pre-FY24),2023-04,16.874837772925975,0.919261881503982,1.0149845885622577,0.9924503350573214,-0.10296449778587374,2025-04
C0323,Granton Steelworks,SME,Trade Counter,UK - Midlands,GBP,Existing (pre-FY24),2023-04,11.971186932914994,0.9680642053491749,0.9779855778166305,0.9514864524137101,-0.11562954852014182,2023-11
C0324,Alderley Marine Services,SME,E-commerce,UK - South,GBP,Existing (pre-FY24),2023-04,17.54855689125659,1.6571885140348517,1.0340678453053143,1.0209081229614299,-0.3498553340490053,2025-04
C0325,Caldera Paint & Decorating,SME,Direct Sales,UK - South,GBP,Existing (pre-FY24),2023-04,9.301531845775653,1.3423061506559266,1.059829306414247,1.0234725718101536,0.08825992341066753,2025-04
C0326,Kinross Trade Centre,SME,E-commerce,UK - Midlands,GBP,Existing (pre-FY24),2023-04,26.140548832674025,1.4796035011539677,1.0683322090380125,0.9790191274256684,-0.044958145750681765,2025-04
C0327,Corby Finishing Ltd,SME,Trade Counter,UK - South,GBP,Existing (pre-FY24),2023-04,28.48278005842342,2.1267947588872507,1.0227573933970906,0.9330265944466931,-0.02539531084988488,2023-04
C0328,Whitlock Steelworks,SME,Direct Sales,UK - Midlands,GBP,Existing (pre-FY24),2023-04,41.71494561983953,1.051805511658943,1.0021292884779598,1.0133362815196723,-0.1907014360003067,2025-03
C0329,Nystrom Surface Technologies,SME,E-commerce,UK - North,GBP,Existing (pre-FY24),2023-04,7.463322804397183,1.7789300651023683,1.0079449011666333,0.9322322115391409,0.06511022408479754,2025-01
C0330,Wexford Paint & Decorating,SME,Trade Counter,EU - Benelux,EUR,Existing (pre-FY24),2023-04,17.164917276520125,1.0085020699390812,1.0410419893469702,0.9599759242471775,-0.1086824184414045,2025-04
C0331,Ingleton Marine Services,SME,E-commerce,UK - South,GBP,Existing (pre-FY24),2023-04,14.16374451404721,1.0033509561409817,1.020231009596154,1.0205069246765972,0.11759795386076487,2025-04
C0332,Stanmore Surface Technologies,SME,E-commerce,UK - North,GBP,Won in FY24,2023-06,31.623100318102612,0.9288544077154475,1.057089731388862,0.9989970025973214,-0.2894290110280482,2023-09
C0333,Whitlock Finishing Ltd,SME,Trade Counter,UK - South,GBP,Existing (pre-FY24),2023-04,10.73937781225526,1.073979843940991,0.9841369860342677,1.0404638427265334,-0.07857051071415155,2024-06
C0334,Draycott Distribution,SME,Direct Sales,EU - Nordics,EUR,Existing (pre-FY24),2023-04,11.464689990604043,2.5420526148386613,1.0055544982153168,1.059770763404039,0.021521230548302475,2024-02
C0335,Draycott Coatings Group,SME,E-commerce,UK - Midlands,GBP,Existing (pre-FY24),2023-04,8.07347595108691,1.237153080177161,0.9808294192328388,0.9891073293336097,-0.24316907568056495,2025-04
C0336,Ilkley Paint & Decorating,SME,Trade Counter,UK - South,GBP,Existing (pre-FY24),2023-04,31.7817147581639,1.242120446002589,1.0641433962347098,1.1,-0.03482412277867142,2025-04
C0337,Wraysbury Finishing Ltd,SME,E-commerce,EU - Nordics,EUR,Existing (pre-FY24),2023-04,11.38882864987378,0.8626218425517819,0.999733828899745,1.0014735560145063,0.06115788826304888,2023-08
C0338,Nystrom Distribution,SME,E-commerce,EU - Nordics,EUR,Existing (pre-FY24),2023-04,10.697906134003528,1.0459738609985436,0.9977596284878154,1.0422787016401573,0.08760715275164825,2025-04
C0339,Halstead Finishing Ltd,SME,Trade Counter,UK - Midlands,GBP,Existing (pre-FY24),2023-04,11.473779708033337,1.34937541213804,1.0831500339990225,0.9962399923117139,-0.10605949282261926,2025-04
C0340,Ilkley Engineering,SME,E-commerce,EU - Nordics,EUR,Existing (pre-FY24),2023-04,9.425064234485593,1.0593171594772968,1.0745355331337596,0.9078502520232286,-0.13517849675459853,2023-09
C0341,Halstead Surface Technologies,SME,E-commerce,UK - Midlands,GBP,Existing (pre-FY24),2023-04,12.775169715842027,1.123396068203245,0.9569117612579071,1.0625319598493512,-0.19789637561296552,2025-04
C0342,Pentland Steelworks,SME,Trade Counter,UK - North,GBP,Won in FY24,2024-03,23.337321521564487,1.0728321865535397,1.0449816034745514,0.9741987667279226,0.11119248709376046,2025-04
C0343,Sandhurst Industrial Supplies,SME,E-commerce,Ireland,EUR,Existing (pre-FY24),2023-04,21.025657470313924,1.3052624355170737,1.0320619399555908,0.9327986589703516,-0.04040705857238814,2024-07
C0344,Vandermeer Engineering,SME,Trade Counter,UK - Midlands,GBP,Existing (pre-FY24),2023-04,16.947528217223912,1.813999142268122,1.0144730437375562,1.0584841748257545,-0.19006031947256508,2024-10
C0345,Wexford Marine Services,SME,Trade Counter,EU - Nordics,EUR,Existing (pre-FY24),2023-04,13.450980111696223,2.3743724371767745,1.0073292586516582,1.0509266537343172,0.022262059905536938,2023-04
C0346,Ingleton Fabrications,SME,E-commerce,EU - Benelux,EUR,Won in FY25,2024-05,2.6083884113587152,1.265272420387921,1.0446907899340858,1.002086449620169,-0.0257362478014369,2024-12
C0347,Lindholm Steelworks,SME,Trade Counter,UK - North,GBP,Existing (pre-FY24),2023-04,36.4703023911635,1.669840689506764,1.0050949016307542,0.988948868939559,0.23562486863130683,2025-04
C0348,Ravensworth Protective Systems,SME,Trade Counter,UK - South,GBP,Won in FY25,2025-01,6.351849362843945,1.6580768791298928,0.9985976518676626,0.9812043877201698,-0.06910378672978246,2025-04
C0349,Marlowe Protective Systems,SME,E-commerce,UK - North,GBP,Won in FY25,2024-05,8.701581674931553,1.1573664772691765,1.0146980085455433,1.0492827176918642,-0.18250567131882495,2025-04
C0350,Halstead Distribution,SME,Trade Counter,EU - Benelux,EUR,Existing (pre-FY24),2023-04,36.09431143577389,1.196339843633265,1.073992547535603,0.9717408478924779,0.05441683997725284,2025-04
C0351,Wraysbury Contracting,SME,E-commerce,EU - Benelux,EUR,Won in FY24,2023-11,11.51250403231756,1.0986621375397063,1.0176728012422653,1.0342036607332201,0.09415685816063708,2025-04
C0352,Burnham Distribution,SME,Trade Counter,UK - Midlands,GBP,Existing (pre-FY24),2023-04,9.982309902765069,1.3153644657159915,0.9943017375560685,1.024603243594099,0.029049203455346076,2023-06
C0353,Coniston Finishing Ltd,SME,Direct Sales,UK - Midlands,GBP,Existing (pre-FY24),2023-04,9.291909607293377,1.6029938443749514,1.0763411892874273,0.9724065359800474,-0.2994567247140142,2025-04
C0354,Ilkley Fabrications,SME,E-commerce,UK - Midlands,GBP,Won in FY25,2024-11,4.684799318194022,2.05738186941885,1.0030426766789797,0.9591294896048776,-0.223356563863424,2025-02
C0355,Elmsworth Industrial Supplies,SME,E-commerce,UK - South,GBP,Won in FY25,2025-01,9.287521581390152,1.2014016013545161,1.0348758974401246,0.9696065256457937,-0.20208538628487505,2025-04
C0356,Lindholm Surface Technologies,SME,Trade Counter,UK - Midlands,GBP,Existing (pre-FY24),2023-04,24.54085615598257,0.8683530157817273,1.0305047510010985,1.0182054868685975,0.1052224453889798,2025-04
C0357,Ferndale Builders Merchants,SME,Trade Counter,UK - North,GBP,Existing (pre-FY24),2023-04,10.789651451800747,1.0457459476207098,0.9994718457917582,1.0368282086569727,-0.1740679878047027,2023-04
C0358,Thornbury Builders Merchants,SME,E-commerce,UK - Midlands,GBP,Existing (pre-FY24),2023-04,6.614025456661364,1.3949312491113006,0.9699755543984209,1.0260439953119027,0.10205472952185372,2023-10
C0359,Kinross Engineering,SME,E-commerce,UK - Midlands,GBP,Existing (pre-FY24),2023-04,48.721713999610095,1.2080163633703946,1.0301184375162886,1.0180151138381008,-0.13102015247309684,2023-10
C0360,Garforth Contracting,SME,E-commerce,UK - South,GBP,Existing (pre-FY24),2023-04,25.679907903590088,1.080240999495871,0.9339257660105416,0.9403361058572477,0.024822993312634392,2024-04
C0361,Coniston Surface Technologies,SME,Direct Sales,EU - Nordics,EUR,Existing (pre-FY24),2023-04,11.36373889838049,1.611238650959554,1.0308864415677503,0.920887002029997,0.037794531161908035,2024-10
C0362,Wexford Coatings Group,SME,E-commerce,UK - Midlands,GBP,Existing (pre-FY24),2023-04,9.210681416604798,0.9214127618915244,0.9677428249288383,1.0800521457486922,-0.01179591151731852,2025-04
C0363,Kestrel Fabrications,SME,Direct Sales,UK - North,GBP,Existing (pre-FY24),2023-04,7.79524938426065,1.3573375116002968,0.9964358905899233,1.0509744853176595,0.13329801564264027,2025-04
C0364,Elmsworth Trade Centre,SME,E-commerce,EU - Benelux,EUR,Won in FY25,2024-04,8.295009538111072,1.0579175837046957,1.039235195267676,1.0665610222587087,-0.050218477230697375,2025-03
C0365,Caldera Coatings Group,SME,Trade Counter,EU - Benelux,EUR,Existing (pre-FY24),2023-04,8.595323228309043,2.4813670012058737,1.0437024048101842,0.9661365939475953,-0.12602479428366292,2025-04
C0366,Sandhurst Surface Technologies,SME,E-commerce,Ireland,EUR,Existing (pre-FY24),2023-04,11.998288633192075,0.981979513908944,1.0184218317008638,1.1,0.11683262687525754,2025-04
C0367,Burnham Industrial Supplies,SME,Trade Counter,UK - Midlands,GBP,Won in FY25,2024-12,11.399099260936273,1.8587964141908475,0.9670440413837355,0.9247474054558985,-0.07812127284894342,2025-04
C0368,Brackley Contracting,SME,E-commerce,EU - Benelux,EUR,Existing (pre-FY24),2023-04,27.89471443188964,1.9369598404595059,1.0013855353619618,0.9446478012473044,0.014334079132886923,2025-04
C0369,Ferndale Engineering,SME,E-commerce,UK - North,GBP,Won in FY24,2023-12,16.073543111990677,1.1933904047655899,0.9877127715730063,0.9816879357408408,-0.08183309376701439,2024-05
C0370,Coniston Industrial Supplies,SME,Trade Counter,UK - South,GBP,Existing (pre-FY24),2023-04,50.66075250764251,2.808171564574249,1.0677137793737437,1.0848829015585504,-0.14965265302047712,2023-06
C0371,Coniston Builders Merchants,SME,E-commerce,UK - Midlands,GBP,Existing (pre-FY24),2023-04,18.869918570958145,1.1545083836514514,0.9585822337080844,1.0061480844041386,-0.25763313174942015,2023-05
C0372,Brackley Trade Centre,SME,E-commerce,EU - Benelux,EUR,Existing (pre-FY24),2023-04,15.109648271675574,1.1222743613872332,1.0106721376670453,0.9486811021376378,-0.07989830088339389,2025-04
C0373,Bellingham Trade Centre,SME,E-commerce,UK - South,GBP,Existing (pre-FY24),2023-04,24.974131048580077,1.2549729087610093,1.025743702799494,0.9199593555325685,0.1301679081933137,2023-05
C0374,Kinross Steelworks,SME,E-commerce,EU - Nordics,EUR,Existing (pre-FY24),2023-04,29.762124239876265,1.5480878075970883,1.0126091465578655,1.0449450313943527,-0.00364338710225956,2025-04
C0375,Garforth Finishing Ltd,SME,E-commerce,EU - Nordics,EUR,Won in FY25,2025-03,6.9628214461863775,1.672965255080863,1.065638412485343,0.9760071858001451,-0.12832305291623733,2025-04
C0376,Selby Coatings Group,SME,E-commerce,UK - North,GBP,Existing (pre-FY24),2023-04,8.63073751540012,0.9128380423088159,1.0786959844308068,1.0094809010523975,0.06592456199388462,2023-06
C0377,Quorn Builders Merchants,SME,E-commerce,UK - Midlands,GBP,Existing (pre-FY24),2023-04,9.791051340235391,0.7310967356273724,1.0109759397781777,0.967447630642199,0.10325907719605083,2025-04
C0378,Langdale Contracting,SME,E-commerce,UK - Midlands,GBP,Existing (pre-FY24),2023-04,11.043283111587229,1.7506314805664565,0.9936728706304853,1.045868405921744,0.20306829619014571,2024-10
C0379,Ilkley Finishing Ltd,SME,E-commerce,UK - Midlands,GBP,Won in FY25,2024-09,7.958196853559338,2.0384259360925743,1.0520729201141077,0.9871936514361551,-0.0731856884303898,2025-04
C0380,Corby Steelworks,SME,E-commerce,UK - Midlands,GBP,Won in FY25,2024-04,7.697635552119869,0.9367127674798802,0.9855536892113578,0.9400379117213502,0.15524719441853763,2024-07
C0381,Orwell Distribution,SME,Trade Counter,UK - South,GBP,Existing (pre-FY24),2023-04,15.114776537669234,1.3273809141086494,1.0200382231004443,1.0367113842976723,0.06830781239846487,2024-11
C0382,Kinross Distribution,SME,Trade Counter,UK - South,GBP,Existing (pre-FY24),2023-04,18.51037450102119,1.4932285230833722,1.049862629453807,1.0150932526923058,0.1703041092535268,2025-04
C0383,Ilkley Trade Centre,SME,Trade Counter,UK - North,GBP,Existing (pre-FY24),2023-04,9.24954497663465,1.1208633206677965,1.0613560377512068,0.8802352983215366,0.09294404035743471,2025-04
C0384,Ravensworth Industrial Supplies,SME,E-commerce,UK - Midlands,GBP,Won in FY24,2024-01,7.3404064986376065,1.8523829456413787,1.0248282798674417,0.9917400350638953,-0.3698678327170396,2025-04
C0385,Redmayne Distribution,SME,Direct Sales,UK - Midlands,GBP,Existing (pre-FY24),2023-04,18.938986482307378,0.9877572125216914,0.9521845987744444,1.0124319180530506,-0.15384848381092475,2024-09
C0386,Ferndale Surface Technologies,SME,E-commerce,UK - North,GBP,Existing (pre-FY24),2023-04,5.017549897479471,1.5123127045287599,1.0444413888356945,0.9874898351053181,-0.23542232255399576,2025-04
C0387,Kestrel Marine Services,Distributor,Distributor,UK - Midlands,GBP,Existing (pre-FY24),2023-04,598.8632093368284,5.347798736867798,0.8122004597372418,0.8152585929665853,0.1858167617040365,2025-04
C0388,Granton Trade Centre,Distributor,Distributor,UK - South,GBP,Existing (pre-FY24),2023-04,498.06497805492614,7.435549626817507,0.8275461310070062,0.8635278653028632,-0.03449078797442182,2025-04
C0389,Dunmore Builders Merchants,Distributor,National Accounts,UK - South,GBP,Existing (pre-FY24),2023-04,196.92555241308312,7.324224832949107,0.787044033556154,0.7674143848741033,-0.1951496334368132,2025-04
C0390,Fairhurst Distribution,Distributor,Distributor,EU - Benelux,EUR,Existing (pre-FY24),2023-04,175.83254964130754,3.3688706128747823,0.8543720247875226,0.9064686013623304,0.13211943793517955,2025-04
C0391,Sandhurst Builders Merchants,Distributor,Distributor,UK - South,GBP,Existing (pre-FY24),2023-04,443.82381192938175,4.6923596866310255,0.81321986712717,0.8146498650617833,0.014815115807193895,2025-04
C0392,Aalders Steelworks,Distributor,Distributor,UK - Midlands,GBP,Existing (pre-FY24),2023-04,253.09756725927483,6.075401251703558,0.8565529779736685,0.8197020534231544,-0.025522427408915888,2024-06
C0393,Fairhurst Finishing Ltd,Distributor,Distributor,UK - North,GBP,Existing (pre-FY24),2023-04,140.59257142935235,5.799658041321737,0.8144018503175854,0.8241052206882404,0.2951901096947887,2025-04
C0394,Caldera Protective Systems,Distributor,Distributor,EU - Nordics,EUR,Won in FY25,2024-07,103.68194660128707,7.458406535347125,0.7945191347615211,0.9343972845858668,0.1544274595939242,2025-04
C0395,Harlow Finishing Ltd,Distributor,Distributor,UK - South,GBP,Existing (pre-FY24),2023-04,309.19415281500005,6.8215001659770405,0.8129952679707275,0.9027547567831358,-0.12226662768045819,2025-04
C0396,Marlowe Industrial Supplies,Distributor,Distributor,UK - South,GBP,Existing (pre-FY24),2023-04,249.72834119385055,3.072413383001969,0.8467537718708843,0.831122992288146,-0.029013339335772437,2025-04
C0397,Bellingham Finishing Ltd,Distributor,Distributor,UK - South,GBP,Won in FY25,2024-08,52.97700590540735,5.861331300954515,0.8697849191968695,0.7425397219908711,-0.03194047658064903,2025-04
C0398,Vandermeer Finishing Ltd,Distributor,Distributor,UK - Midlands,GBP,Existing (pre-FY24),2023-04,388.34321916665533,5.745618101575143,0.8347049825472893,0.9423094028249125,0.3606717113175915,2025-04
C0399,Granton Finishing Ltd,Distributor,Distributor,UK - Midlands,GBP,Won in FY24,2023-07,396.6736902438358,5.42115800092556,0.8207115292011504,0.7966895875905402,0.06055507035492299,2025-04
C0400,Ravensworth Fabrications,Distributor,Distributor,UK - South,GBP,Won in FY24,2023-08,130.61497956312635,9.32829873114429,0.8296502651468706,0.911729983769116,0.13302368498036865,2025-04
C0401,Ravensworth Contracting,Distributor,Distributor,UK - South,GBP,Existing (pre-FY24),2023-04,316.72236611860296,6.93715990557935,0.7876279841885003,0.8538295436811946,-0.0046288848810930785,2024-09
C0402,Marlowe Engineering,Distributor,Distributor,UK - North,GBP,Existing (pre-FY24),2023-04,111.10135743035528,4.451554167773789,0.79245261190088,0.9220787506634317,-0.019003526765774215,2025-04
C0403,Elmsworth Contracting,Distributor,Distributor,EU - Nordics,EUR,Won in FY24,2023-07,504.80012835964817,4.349197933213499,0.830965330280614,0.8871416422443886,-0.025554300801072634,2025-04
C0404,Dunmore Paint & Decorating,Distributor,Distributor,UK - South,GBP,Existing (pre-FY24),2023-04,1216.5978801208335,5.810371074803185,0.8033689439657381,0.8166573516776322,-0.03235830451683162,2025-04
C0405,Orwell Protective Systems,Distributor,Distributor,EU - Benelux,EUR,Existing (pre-FY24),2023-04,156.94749233568092,6.634877408381438,0.8319233797103789,0.8291234825506705,0.045708515679107865,2025-04
C0406,Nystrom Engineering,Distributor,Distributor,UK - Midlands,GBP,Existing (pre-FY24),2023-04,69.00624642080132,7.071571253569687,0.7546748341452673,0.8487437274532287,-0.030354907183990698,2023-08
C0407,Caldera Surface Technologies,Distributor,Distributor,UK - North,GBP,Existing (pre-FY24),2023-04,207.4118793127944,6.879084688127303,0.772103738468811,0.7268137910953675,-0.09185617813366392,2025-04
C0408,Marlowe Steelworks,Distributor,National Accounts,EU - Benelux,EUR,Won in FY24,2024-03,150.18354673810202,3.460441969120245,0.8668448189055733,0.8927713606047607,-0.05345226800047997,2025-04
C0409,Ashgrove Engineering,Distributor,Distributor,EU - Benelux,EUR,Won in FY24,2023-11,109.32287020835736,5.571000783900508,0.8592821875107481,0.7727483999172201,0.15579645660371186,2025-04
C0410,Garforth Steelworks,Distributor,Distributor,Ireland,EUR,Existing (pre-FY24),2023-04,390.64699113836673,6.39510593056942,0.8184595741973414,0.8159982828409802,-0.12459608077878549,2025-04
C0411,Vandermeer Steelworks,Distributor,Distributor,UK - Midlands,GBP,Won in FY25,2024-11,490.5307311196979,7.845476665417204,0.8222195397059905,0.8805411961100021,-0.12775231947466764,2025-04
C0412,Kinross Paint & Decorating,Distributor,Distributor,UK - North,GBP,Existing (pre-FY24),2023-04,349.7213463983484,3.3686636949717874,0.7780051635706221,0.9602531974448405,0.1319494472305568,2025-04
C0413,Blackthorn Distribution,Distributor,Distributor,UK - North,GBP,Existing (pre-FY24),2023-04,369.4764677861729,4.745551381928125,0.8141891976001808,0.7802808037764649,-0.11058982224756665,2023-09
C0414,Caldera Marine Services,Distributor,Distributor,EU - Nordics,EUR,Existing (pre-FY24),2023-04,314.46279287250917,9.362029606199922,0.8631915709554997,0.8217711480887308,-0.028506641251893977,2025-04
C0415,Langdale Surface Technologies,Distributor,Distributor,Ireland,EUR,Existing (pre-FY24),2023-04,290.96438232476913,4.975375807089897,0.8365432617069665,0.8332790517002411,0.07544087147063812,2025-04
C0416,Langdale Coatings Group,Distributor,National Accounts,EU - Nordics,EUR,Existing (pre-FY24),2023-04,573.9964602829164,6.453676699107977,0.8425943423865402,0.9055022980278492,0.03948684427290199,2025-04
C0417,Elmsworth Engineering,Distributor,Distributor,UK - Midlands,GBP,Existing (pre-FY24),2023-04,160.13065365190738,8.51500307275531,0.8104871036206595,0.8855368108836551,0.07089494198705079,2025-04
C0418,Thornbury Industrial Supplies,Distributor,Distributor,Ireland,EUR,Won in FY25,2024-09,154.69106245896623,8.038942806758133,0.8351213797571698,0.8960919047971946,0.0046852961351566275,2025-04
C0419,Halstead Industrial Supplies,Distributor,Distributor,Ireland,EUR,Existing (pre-FY24),2023-04,135.77741993837984,9.60307332526987,0.7929862881932837,0.8038532001293903,-0.00798130831096308,2025-04
C0420,Aalders Fabrications,Distributor,National Accounts,UK - South,GBP,Won in FY25,2024-06,301.9759348995458,9.007595603069174,0.8165938183204288,0.8363427540915875,0.18766868401351075,2025-04
C0421,Dunmore Fabrications,Distributor,Distributor,UK - North,GBP,Existing (pre-FY24),2023-04,425.21805319635615,5.157686203428673,0.8054303455915355,0.8174815398726373,0.12314428185610408,2025-02
C0422,Thornbury Finishing Ltd,Distributor,Distributor,UK - Midlands,GBP,Existing (pre-FY24),2023-04,409.20848134653846,4.951877018306674,0.7921771307918447,0.8533369210027305,0.14737313659962728,2025-04
C0423,Ingleton Protective Systems,Distributor,Distributor,EU - Nordics,EUR,Won in FY24,2024-02,233.54600398573768,3.860799858781837,0.8335235835001041,0.8355686919341152,0.22846876456231435,2024-12
C0424,Caldera Trade Centre,Distributor,Distributor,EU - Nordics,EUR,Existing (pre-FY24),2023-04,202.54549931517118,6.347948057444183,0.793934883003533,0.9464031530234721,-0.04364641824667009,2025-04
C0425,Ossett Distribution,Distributor,Distributor,EU - Nordics,EUR,Existing (pre-FY24),2023-04,677.7213266168137,6.9061404776502595,0.7697706377754743,0.924647075229599,-0.07391524495159565,2025-04
C0426,Quorn Contracting,Distributor,National Accounts,EU - Benelux,EUR,Existing (pre-FY24),2023-04,469.98300395740904,5.779715592041871,0.8295790525277683,0.8635277804545268,-0.04245032087896342,2025-04
C0427,Ingleton Paint & Decorating,Distributor,Distributor,UK - North,GBP,Existing (pre-FY24),2023-04,417.66723813266054,7.120350588206039,0.8393853122684356,0.8398161180472486,-0.1128259405106814,2025-04
C0428,Ravensworth Coatings Group,Distributor,Distributor,Ireland,EUR,Won in FY24,2023-12,130.57350114805814,6.47440067384211,0.7600087349714817,0.822209537062517,0.04642573546731195,2025-04
C0429,Kinross Surface Technologies,Distributor,Distributor,UK - South,GBP,Won in FY25,2024-09,289.06219423032826,3.461223697635363,0.7856363359388306,0.900955410710789,-0.07505955446400703,2025-04
C0430,Nystrom Finishing Ltd,Distributor,Distributor,EU - Nordics,EUR,Existing (pre-FY24),2023-04,178.5891675581615,4.9797111882126694,0.8349054770376726,0.8179579284974328,0.006440522522146841,2025-04
C0431,Cranfield Trade Centre,Distributor,National Accounts,UK - South,GBP,Existing (pre-FY24),2023-04,560.5200133888505,7.708156283130172,0.7460778244237448,0.9216358997837226,0.3081121583516111,2023-10
C0432,Aalders Industrial Supplies,Distributor,Distributor,UK - South,GBP,Won in FY25,2024-12,242.50100614301311,8.418613818025271,0.8662531217320606,0.8047088429583755,-0.17117770215170947,2025-04
C0433,Dunmore Distribution,Distributor,Distributor,UK - North,GBP,Won in FY25,2024-11,251.8373151297261,4.026969473554434,0.8483750386947514,0.9002153943900779,-0.038019299537220955,2025-04
C0434,Ilkley Marine Services,Distributor,Distributor,UK - North,GBP,Existing (pre-FY24),2023-04,551.2498541106227,4.577675881953851,0.8528103812180831,0.9276979759068735,-0.11080994505276054,2023-07
C0435,Brackley Protective Systems,Distributor,Distributor,EU - Benelux,EUR,Won in FY25,2024-06,285.35779864696156,4.916924946088458,0.7887862766150575,0.7621938389421056,-0.030568139851479395,2024-08
C0436,Ashgrove Marine Services,Distributor,Distributor,Ireland,EUR,Existing (pre-FY24),2023-04,88.34378707600604,7.790121439155911,0.7951028995320697,0.8913734979938475,-0.23599550066093827,2025-04
C0437,Kinross Industrial Supplies,Distributor,National Accounts,UK - North,GBP,Won in FY25,2024-10,53.924224163558776,7.563959069155041,0.8027816217224363,0.8780972416393086,0.10884226247586423,2025-04
C0438,Ingleton Coatings Group,Distributor,National Accounts,UK - South,GBP,Existing (pre-FY24),2023-04,339.78684917100225,3.6864078192275858,0.8211859190045324,0.9325731638100915,0.20606108486811056,2025-04
C0439,Quorn Protective Systems,Distributor,National Accounts,UK - North,GBP,Existing (pre-FY24),2023-04,196.3780294117976,6.220499663036316,0.839052280893975,0.7352523347324572,0.1416427658099338,2025-04
C0440,Harlow Coatings Group,Distributor,Distributor,Ireland,EUR,Existing (pre-FY24),2023-04,516.1174003461776,8.77678359990372,0.8330790136514603,0.8408576263922954,0.27367252993847496,2025-04
C0441,Tavistock Trade Centre,Distributor,Distributor,EU - Benelux,EUR,Existing (pre-FY24),2023-04,566.2521174921708,4.1583858856483795,0.8113374741557381,0.9194743376096296,-0.042528945130905,2025-04
C0442,Ravensworth Paint & Decorating,Distributor,National Accounts,Ireland,EUR,Existing (pre-FY24),2023-04,145.72659265021193,5.230005485136983,0.827200730156406,0.8288791640246689,-0.11595971073630519,2025-04
C0443,Stanmore Trade Centre,Distributor,National Accounts,EU - Benelux,EUR,Existing (pre-FY24),2023-04,388.37892681498363,6.736819862348073,0.7889873158741735,0.8379215598975259,0.0813204949815156,2025-04
C0444,Pentland Builders Merchants,Distributor,Distributor,UK - Midlands,GBP,Won in FY25,2024-11,274.442283867797,8.904744489582828,0.812049987735672,0.8141661358314599,-0.08998966626192531,2025-04
C0445,Harlow Trade Centre,Distributor,Distributor,UK - South,GBP,Existing (pre-FY24),2023-04,228.73347533826072,6.972528074206501,0.8305851957595364,0.8560104695687181,-0.055948597931524326,2025-04
C0446,Orwell Paint & Decorating,Distributor,Distributor,UK - Midlands,GBP,Won in FY24,2023-09,280.561245575706,5.385828917614395,0.7761581590866787,0.9793506378663941,-0.05198478627173573,2025-04
C0447,Ferndale Trade Centre,Distributor,Distributor,EU - Benelux,EUR,Existing (pre-FY24),2023-04,182.9690962164407,6.994201715465014,0.812431607983165,0.7998327703689063,-0.02611152511509602,2025-04
C0448,Tavistock Marine Services,Distributor,Distributor,UK - South,GBP,Existing (pre-FY24),2023-04,147.90910623742752,5.263536519878351,0.79699269259262,0.8295120536466789,-0.13971846910752483,2025-04
C0449,Latimer Surface Technologies,Distributor,Distributor,EU - Benelux,EUR,Existing (pre-FY24),2023-04,129.50583985330502,6.703744136587611,0.8041160832710098,0.9137561298734244,0.031007908065531768,2025-04
C0450,Harlow Engineering,Distributor,Distributor,Ireland,EUR,Existing (pre-FY24),2023-04,191.20931080141915,5.60236185375446,0.8113429580061452,0.8112110558323523,-0.028996421931895354,2024-11
C0451,Wexford Contracting,Distributor,National Accounts,EU - Nordics,EUR,Won in FY25,2025-03,300.76247458603626,6.667771358124913,0.7789141927745166,0.8749164767047042,0.090321391405733,2025-04
C0452,Burnham Paint & Decorating,Distributor,Distributor,EU - Benelux,EUR,Won in FY24,2024-01,236.31819153261785,4.340466578348077,0.7877700526155202,0.9859663647233747,0.0033620237581524198,2025-04
C0453,Thornbury Steelworks,Distributor,Distributor,EU - Nordics,EUR,Existing (pre-FY24),2023-04,326.112083284296,5.633689938103406,0.8020637086209154,0.8048929565638335,-0.09947782129885106,2025-04
C0454,Tavistock Protective Systems,Distributor,Distributor,EU - Benelux,EUR,Existing (pre-FY24),2023-04,732.2781539449476,5.133002144537736,0.831562061112402,0.8809031316615915,-0.05630103789537843,2025-04
C0455,Alderley Builders Merchants,Distributor,Distributor,UK - South,GBP,Existing (pre-FY24),2023-04,357.2617076330387,4.738610779075653,0.8368195223312986,0.9356920343560731,0.1199057613407006,2025-04
C0456,Fairhurst Builders Merchants,Distributor,National Accounts,EU - Benelux,EUR,Existing (pre-FY24),2023-04,256.2376334756605,7.123958808195516,0.798066045057298,0.8600631764717247,0.02998272488405076,2025-04
C0457,Elmsworth Coatings Group,Distributor,Distributor,UK - South,GBP,Existing (pre-FY24),2023-04,151.08039741072517,4.721847340767881,0.8584633736560421,0.9169807480220127,0.016183255604616583,2025-04
C0458,Fairhurst Marine Services,Distributor,Distributor,UK - South,GBP,Existing (pre-FY24),2023-04,250.5298572118677,4.886393137539193,0.8320363754873896,0.8628672007543988,0.06298025551484497,2025-04
C0459,Vandermeer Contracting,Distributor,Distributor,UK - North,GBP,Won in FY25,2024-08,113.4935343924751,6.931737376051359,0.804105608373999,0.8778020520772905,0.2631631659962831,2025-04
C0460,Harlow Protective Systems,Distributor,National Accounts,UK - South,GBP,Existing (pre-FY24),2023-04,226.13800639059068,4.682847788148197,0.842304237754563,0.9115252434204242,-0.1332299218003518,2025-04
